Date,Open,High,Low,Close,Volume,Adj Close
,MANYAVAR.NS,MANYAVAR.NS,MANYAVAR.NS,MANYAVAR.NS,MANYAVAR.NS,MANYAVAR.NS
2022-02-16,935.0,992.7000122070312,920.0,933.5499877929688,19754867,906.8456420898438
2022-02-17,950.0,963.0,912.5999755859375,920.25,2987328,893.9260864257812
2022-02-18,893.0,917.9000244140625,882.0,906.4000244140625,973745,880.4722900390625
2022-02-21,880.0,905.75,874.5,880.0999755859375,1226361,854.924560546875
2022-02-22,850.0,887.0,826.7000122070312,863.25,940236,838.556640625
2022-02-23,870.0,882.7999877929688,845.2000122070312,854.9500122070312,926259,830.4939575195312
2022-02-24,790.2000122070312,900.0,790.2000122070312,813.3499755859375,778427,790.083984375
2022-02-25,817.0,848.0,817.0,835.7999877929688,261276,811.8917846679688
2022-02-28,835.7999877929688,900.0,832.0999755859375,892.2000122070312,497233,866.678466796875
2022-03-02,888.0,913.2999877929688,877.0,883.1500244140625,446539,857.8872680664062
2022-03-03,890.0,905.0,834.0499877929688,863.6500244140625,745682,838.9451904296875
2022-03-04,853.0,861.9500122070312,846.5999755859375,850.5,129432,826.1712646484375
2022-03-07,835.0,844.0,827.7000122070312,832.7999877929688,330996,808.9776000976562
2022-03-08,836.5,854.9500122070312,825.0,839.2000122070312,171788,815.194580078125
2022-03-09,844.0,878.7999877929688,836.5999755859375,871.9000244140625,368220,846.9591674804688
2022-03-10,878.0,894.0,873.9000244140625,881.4000244140625,158073,856.1874389648438
2022-03-11,869.0,894.5499877929688,850.8499755859375,864.5499877929688,158323,839.8193969726562
2022-03-14,858.7000122070312,885.0,845.7000122070312,863.5,1704307,838.7993774414062
2022-03-15,862.0,880.0,850.0499877929688,869.9000244140625,257448,845.016357421875
2022-03-16,879.25,879.9500122070312,852.0,867.7999877929688,150408,842.9763793945312
2022-03-17,870.0,908.0,870.0,900.5499877929688,521984,874.7896118164062
2022-03-21,899.0,917.0999755859375,896.2000122070312,912.2000122070312,640253,886.1063232421875
2022-03-22,896.0,935.0,896.0,913.7000122070312,201732,887.5634765625
2022-03-23,918.0,950.0,909.9500122070312,936.4500122070312,207756,909.6627197265625
2022-03-24,921.0,942.9000244140625,915.0499877929688,920.7999877929688,312533,894.4603881835938
2022-03-25,920.0,940.0,919.9000244140625,930.7000122070312,123701,904.0771484375
2022-03-28,924.0,940.0,911.0,923.2000122070312,215466,896.791748046875
2022-03-29,921.5,950.75,921.5,940.4500122070312,230135,913.54833984375
2022-03-30,960.0,975.0,888.7000122070312,960.4500122070312,386824,932.9761352539062
2022-03-31,961.0,1024.4000244140625,941.5999755859375,966.9500122070312,545493,939.290283203125
2022-04-01,965.0,1008.4500122070312,960.0499877929688,998.4500122070312,137893,969.8892211914062
2022-04-04,1030.0,1060.0999755859375,1001.0,1009.5999755859375,287299,980.7201538085938
2022-04-05,1015.0,1119.0,999.0,1088.050048828125,855999,1056.92626953125
2022-04-06,1082.0,1111.1500244140625,1040.0,1053.4000244140625,196825,1023.2672729492188
2022-04-07,1059.0,1068.25,986.9500122070312,1021.25,141428,992.0369262695312
2022-04-08,1005.0,1054.449951171875,1005.0,1043.050048828125,156408,1013.2135009765625
2022-04-11,1040.0,1059.3499755859375,1038.050048828125,1050.0999755859375,113085,1020.0617065429688
2022-04-12,1040.0,1082.0,1032.050048828125,1066.9000244140625,225666,1036.381103515625
2022-04-13,1079.050048828125,1081.0999755859375,1040.050048828125,1050.0,131474,1019.964599609375
2022-04-18,1030.0,1078.9000244140625,1030.0,1062.550048828125,127667,1032.15576171875
2022-04-19,1045.0,1100.0,1005.4500122070312,1045.199951171875,326073,1015.3018188476562
2022-04-20,1059.9000244140625,1067.199951171875,1008.7999877929688,1045.699951171875,93177,1015.7875366210938
2022-04-21,1045.1500244140625,1136.300048828125,1039.3499755859375,1117.699951171875,534873,1085.7279052734375
2022-04-22,1114.0,1143.25,1060.949951171875,1073.050048828125,201913,1042.355224609375
2022-04-25,1062.699951171875,1073.050048828125,1011.0,1054.9000244140625,146849,1024.7242431640625
2022-04-26,1074.4000244140625,1111.0999755859375,1060.050048828125,1094.0999755859375,199483,1062.8031005859375
2022-04-27,1077.5999755859375,1128.5,1070.0,1085.6500244140625,223547,1054.5947265625
2022-04-28,1081.0,1109.449951171875,1080.1500244140625,1100.1500244140625,175753,1068.6800537109375
2022-04-29,1100.0,1143.949951171875,1074.300048828125,1091.550048828125,330998,1060.3260498046875
2022-05-02,1070.0,1108.699951171875,1056.050048828125,1070.1500244140625,176572,1039.5382080078125
2022-05-04,1062.0,1069.8499755859375,1011.0,1031.550048828125,140592,1002.0424194335938
2022-05-05,1050.0,1054.3499755859375,1022.5,1035.5,109264,1005.8792724609375
2022-05-06,1020.0,1030.0,991.9000244140625,999.3499755859375,210362,970.763427734375
2022-05-09,990.0,1010.0,962.4500122070312,988.4500122070312,147427,960.1752319335938
2022-05-10,960.0,1010.0,960.0,976.9000244140625,222164,948.9556274414062
2022-05-11,972.0,991.25,934.5499877929688,954.0999755859375,211281,926.8078002929688
2022-05-12,954.0999755859375,954.0999755859375,917.2999877929688,943.7000122070312,375421,916.7052612304688
2022-05-13,970.0,987.4500122070312,932.7000122070312,977.5,101780,949.5384521484375
2022-05-16,980.0,1032.5,976.4500122070312,991.8499755859375,132465,963.4779052734375
2022-05-17,990.0,999.3499755859375,980.75,983.9000244140625,35359,955.75537109375
2022-05-18,997.5,1008.0,953.0999755859375,964.7000122070312,99108,937.1046142578125
2022-05-19,939.9500122070312,969.0,931.0,946.1500244140625,81285,919.0852661132812
2022-05-20,966.0,977.5,939.9500122070312,968.0499877929688,76758,940.3587646484375
2022-05-23,955.7000122070312,981.0,948.3499755859375,967.25,94828,939.5816650390625
2022-05-24,960.0,979.0,942.4500122070312,971.0999755859375,95495,943.3214721679688
2022-05-25,978.0,978.0,946.0,951.4000244140625,61110,924.18505859375
2022-05-26,942.0,979.0,925.0499877929688,960.2999877929688,122430,932.8304443359375
2022-05-27,960.0,979.0,951.7999877929688,969.6500244140625,173555,941.9130249023438
2022-05-30,960.0499877929688,1039.0,960.0499877929688,1030.9000244140625,225734,1001.4109497070312
2022-05-31,1020.0,1029.9000244140625,997.5,1006.4000244140625,139032,977.61181640625
2022-06-01,1017.2000122070312,1073.9000244140625,1016.6500244140625,1063.550048828125,378336,1033.126953125
2022-06-02,1055.0,1096.0,1047.699951171875,1083.050048828125,169921,1052.069091796875
2022-06-03,1075.0999755859375,1101.550048828125,1074.050048828125,1090.1500244140625,150579,1058.9661865234375
2022-06-06,1100.0,1107.199951171875,1067.550048828125,1077.25,85248,1046.43505859375
2022-06-07,1070.0,1070.0,1049.050048828125,1061.1500244140625,52910,1030.795654296875
2022-06-08,1060.0,1065.300048828125,1022.0999755859375,1038.550048828125,79761,1008.8421020507812
2022-06-09,1032.0,1040.0,1015.0499877929688,1030.699951171875,57560,1001.2164916992188
2022-06-10,1019.75,1052.300048828125,1011.0999755859375,1025.1500244140625,193490,995.8253784179688
2022-06-13,1018.7000122070312,1018.7000122070312,990.25,1005.75,80805,976.9803466796875
2022-06-14,1005.75,1015.6500244140625,993.0499877929688,1003.1500244140625,35994,974.4546508789062
2022-06-15,996.0,1010.0,981.0,1000.9000244140625,63884,972.2691040039062
2022-06-16,1020.0,1020.0,963.7999877929688,981.9500122070312,50979,953.8611450195312
2022-06-17,967.2000122070312,986.25,955.4500122070312,970.7999877929688,115906,943.0300903320312
2022-06-20,970.4000244140625,985.0,941.0499877929688,966.2000122070312,81251,938.5617065429688
2022-06-21,960.0,983.1500244140625,953.4000244140625,968.6500244140625,42418,940.9415893554688
2022-06-22,969.25,974.2000122070312,937.4000244140625,945.5499877929688,66808,918.5023803710938
2022-06-23,949.4500122070312,1040.0999755859375,941.0,1003.5999755859375,106030,974.8917846679688
2022-06-24,1000.0,1007.9500122070312,976.0,984.25,100791,956.0952758789062
2022-06-27,990.0,1018.9500122070312,973.7000122070312,979.4500122070312,101738,951.4326171875
2022-06-28,972.0,999.0,961.0,973.25,58529,945.4100341796875
2022-06-29,961.0,981.6500244140625,960.0,971.75,48294,943.9529418945312
2022-06-30,968.7000122070312,999.0,961.5,965.9000244140625,48183,938.270263671875
2022-07-01,955.0,994.9000244140625,955.0,971.7000122070312,53771,943.9044189453125
2022-07-04,970.0,1003.0,970.0,992.6500244140625,152435,964.255126953125
2022-07-05,992.6500244140625,1037.5999755859375,991.4500122070312,1003.5,209499,974.794677734375
2022-07-06,1021.0,1036.949951171875,999.25,1015.0999755859375,154774,986.0628051757812
2022-07-07,1035.0,1055.0,1019.25,1031.3499755859375,127906,1001.8480224609375
2022-07-08,1050.0,1057.199951171875,1028.800048828125,1034.0999755859375,58166,1004.5194091796875
2022-07-11,1040.0,1099.0,1040.0,1090.699951171875,114553,1059.5001220703125
2022-07-12,1083.0,1106.6500244140625,1055.0,1094.4000244140625,75147,1063.094482421875
2022-07-13,1094.4000244140625,1125.0,1080.0,1097.449951171875,90777,1066.05712890625
2022-07-14,1120.0,1120.0,1077.949951171875,1097.25,44824,1065.8629150390625
2022-07-15,1100.0,1135.0,1095.449951171875,1104.550048828125,156021,1072.9542236328125
2022-07-18,1121.0,1148.0,1105.0,1111.4000244140625,176079,1079.608154296875
2022-07-19,1122.4000244140625,1129.8499755859375,1091.050048828125,1102.949951171875,103291,1071.39990234375
2022-07-20,1118.199951171875,1120.0,1090.0,1092.699951171875,40229,1061.443115234375
2022-07-21,1095.5,1148.0,1069.0,1088.4000244140625,233081,1057.2662353515625
2022-07-22,1073.800048828125,1105.0,1073.800048828125,1077.699951171875,61474,1046.8721923828125
2022-07-25,1077.0,1091.0,1066.0,1077.300048828125,110664,1046.483642578125
2022-07-26,1086.5,1087.800048828125,1064.0999755859375,1068.300048828125,24315,1037.7410888671875
2022-07-27,1068.300048828125,1081.1500244140625,1061.199951171875,1075.75,36623,1044.97802734375
2022-07-28,1107.699951171875,1107.699951171875,1070.0,1077.9000244140625,37911,1047.0665283203125
2022-07-29,1082.0,1107.199951171875,1071.0999755859375,1077.300048828125,107435,1046.483642578125
2022-08-01,1084.949951171875,1149.800048828125,1077.3499755859375,1138.0999755859375,294741,1105.54443359375
2022-08-02,1155.0,1251.9000244140625,1151.0,1242.550048828125,605710,1207.0067138671875
2022-08-03,1259.9000244140625,1261.0,1203.699951171875,1213.3499755859375,143429,1178.641845703125
2022-08-04,1213.6500244140625,1268.800048828125,1209.0,1251.25,166449,1215.457763671875
2022-08-05,1249.9000244140625,1256.5,1208.0,1211.9000244140625,72858,1177.2333984375
2022-08-08,1227.199951171875,1325.0,1215.75,1296.800048828125,426602,1259.7049560546875
2022-08-10,1295.0,1295.0,1181.300048828125,1193.4000244140625,395522,1159.2626953125
2022-08-11,1190.0,1214.0,1180.0999755859375,1207.6500244140625,190716,1173.1051025390625
2022-08-12,1210.0,1247.0,1188.0,1192.199951171875,172964,1158.0968017578125
2022-08-16,1219.0,1237.199951171875,1196.0,1233.1500244140625,285788,1197.8756103515625
2022-08-17,1240.199951171875,1240.199951171875,1190.25,1199.5,151699,1165.1881103515625
2022-08-18,1206.0,1209.0,1188.0,1200.4000244140625,149002,1166.0623779296875
2022-08-19,1219.0,1219.0,1180.0,1183.800048828125,109901,1149.9371337890625
2022-08-22,1194.0,1216.550048828125,1168.550048828125,1199.800048828125,194859,1165.4796142578125
2022-08-23,1212.0,1318.0,1205.050048828125,1246.300048828125,373801,1210.6494140625
2022-08-24,1254.0,1274.050048828125,1242.0,1262.0999755859375,123375,1225.9974365234375
2022-08-25,1267.199951171875,1290.0,1261.0,1274.300048828125,131395,1237.848388671875
2022-08-26,1295.0,1314.5999755859375,1264.0,1271.699951171875,153661,1235.32275390625
2022-08-29,1230.0,1288.0,1225.050048828125,1269.449951171875,88586,1233.13720703125
2022-08-30,1279.25,1296.1500244140625,1279.25,1287.449951171875,81800,1255.5675048828125
2022-09-01,1276.25,1300.0,1258.5,1282.3499755859375,89137,1250.5938720703125
2022-09-02,1288.0,1320.0,1275.0,1300.199951171875,237507,1268.0018310546875
2022-09-05,1311.25,1320.0,1283.5999755859375,1305.800048828125,168396,1273.4632568359375
2022-09-06,1303.300048828125,1345.0,1295.9000244140625,1330.550048828125,412447,1297.6002197265625
2022-09-07,1345.0,1398.0,1329.9000244140625,1381.300048828125,305093,1347.0936279296875
2022-09-08,1387.4000244140625,1400.75,1352.0,1391.3499755859375,146103,1356.8946533203125
2022-09-09,1400.0,1410.699951171875,1371.0,1401.9000244140625,135010,1367.1834716796875
2022-09-12,1416.0,1440.0,1407.550048828125,1425.0,318417,1389.71142578125
2022-09-13,1426.0,1437.5,1424.8499755859375,1432.550048828125,166497,1397.074462890625
2022-09-14,1410.0,1458.0,1402.0,1444.449951171875,219727,1408.6795654296875
2022-09-15,1454.25,1454.25,1420.0,1427.4000244140625,176344,1392.0518798828125
2022-09-16,1422.25,1427.3499755859375,1325.699951171875,1363.5999755859375,726202,1329.831787109375
2022-09-19,1377.0999755859375,1377.199951171875,1333.5999755859375,1362.300048828125,38724,1328.5640869140625
2022-09-20,1379.199951171875,1435.949951171875,1375.550048828125,1424.0999755859375,75679,1388.8336181640625
2022-09-21,1427.0,1440.25,1401.3499755859375,1417.800048828125,87758,1382.689697265625
2022-09-22,1410.5,1459.75,1398.9000244140625,1408.75,91513,1373.86376953125
2022-09-23,1410.050048828125,1450.0,1381.0,1402.3499755859375,78806,1367.6221923828125
2022-09-26,1383.199951171875,1383.199951171875,1308.050048828125,1352.050048828125,142295,1318.5677490234375
2022-09-27,1363.800048828125,1392.800048828125,1332.550048828125,1346.0999755859375,216210,1312.7652587890625
2022-09-28,1320.0,1378.0,1320.0,1365.1500244140625,39568,1331.343505859375
2022-09-29,1386.0,1439.0,1342.050048828125,1409.050048828125,121535,1374.1563720703125
2022-09-30,1412.699951171875,1445.0,1393.699951171875,1408.800048828125,132596,1373.91259765625
2022-10-03,1420.0,1475.0,1400.3499755859375,1427.9000244140625,122544,1392.53955078125
2022-10-04,1434.9000244140625,1470.050048828125,1434.9000244140625,1449.5999755859375,91633,1413.7021484375
2022-10-06,1474.75,1501.550048828125,1456.050048828125,1465.4000244140625,147718,1429.1109619140625
2022-10-07,1472.25,1493.1500244140625,1455.75,1469.0999755859375,172395,1432.71923828125
2022-10-10,1464.949951171875,1470.0,1438.0,1443.0999755859375,49659,1407.3631591796875
2022-10-11,1451.199951171875,1476.199951171875,1427.800048828125,1454.550048828125,246451,1418.5296630859375
2022-10-12,1448.199951171875,1448.199951171875,1410.0,1419.449951171875,64468,1384.298583984375
2022-10-13,1427.199951171875,1427.199951171875,1399.949951171875,1414.449951171875,42221,1379.422607421875
2022-10-14,1434.5,1439.800048828125,1382.800048828125,1395.0,26618,1360.4542236328125
2022-10-17,1416.199951171875,1423.949951171875,1390.0,1402.4000244140625,96886,1367.6708984375
2022-10-18,1424.0,1475.9000244140625,1405.550048828125,1419.5,163003,1384.3475341796875
2022-10-19,1427.0,1456.050048828125,1412.050048828125,1425.300048828125,113556,1390.0040283203125
2022-10-20,1435.0,1435.0,1396.0,1417.5,67733,1382.39697265625
2022-10-21,1429.0,1430.0,1400.0,1408.6500244140625,40164,1373.76611328125
2022-10-24,1425.0,1449.949951171875,1417.800048828125,1442.550048828125,30828,1406.82666015625
2022-10-25,1459.199951171875,1468.0,1406.0999755859375,1452.6500244140625,81007,1416.676513671875
2022-10-27,1473.199951171875,1478.0,1417.0,1428.199951171875,61313,1392.83203125
2022-10-28,1428.199951171875,1450.0,1420.0,1430.550048828125,42965,1395.1240234375
2022-10-31,1439.25,1456.0,1426.050048828125,1449.050048828125,47676,1413.1656494140625
2022-11-01,1449.050048828125,1459.699951171875,1432.550048828125,1442.1500244140625,52750,1406.4366455078125
2022-11-02,1440.0,1446.0,1423.699951171875,1429.4000244140625,33703,1394.00244140625
2022-11-03,1430.0,1443.1500244140625,1400.0,1437.949951171875,34909,1402.340576171875
2022-11-04,1435.0,1461.199951171875,1421.050048828125,1432.0999755859375,63142,1396.635498046875
2022-11-07,1438.25,1438.25,1400.0,1406.5999755859375,41477,1371.766845703125
2022-11-09,1416.949951171875,1416.949951171875,1388.0,1402.449951171875,90549,1367.7197265625
2022-11-10,1403.0,1406.3499755859375,1366.199951171875,1372.449951171875,58999,1338.462646484375
2022-11-11,1385.0,1394.949951171875,1342.199951171875,1368.5,104302,1334.6104736328125
2022-11-14,1363.0,1363.0,1331.25,1342.0,69638,1308.7667236328125
2022-11-15,1346.199951171875,1358.699951171875,1302.3499755859375,1345.199951171875,88209,1311.8875732421875
2022-11-16,1355.0,1359.9000244140625,1326.25,1352.300048828125,52622,1318.811767578125
2022-11-17,1352.300048828125,1367.199951171875,1325.3499755859375,1352.550048828125,94484,1319.0555419921875
2022-11-18,1366.0,1366.0,1310.0,1317.449951171875,168688,1284.82470703125
2022-11-21,1311.0,1349.9000244140625,1301.199951171875,1342.949951171875,157599,1309.693115234375
2022-11-22,1353.0,1354.0,1316.0999755859375,1320.949951171875,32124,1288.238037109375
2022-11-23,1347.9000244140625,1359.949951171875,1315.0,1348.550048828125,59192,1315.1546630859375
2022-11-24,1355.0,1375.0,1337.0,1368.1500244140625,40277,1334.26904296875
2022-11-25,1380.0,1409.0,1368.1500244140625,1389.949951171875,161101,1355.529296875
2022-11-28,1393.199951171875,1394.0,1345.0,1350.8499755859375,38318,1317.3974609375
2022-11-29,1357.949951171875,1358.0,1331.5,1346.3499755859375,52554,1313.0089111328125
2022-11-30,1352.0,1374.949951171875,1350.0,1368.199951171875,23546,1334.3177490234375
2022-12-01,1387.9000244140625,1398.0,1360.1500244140625,1390.050048828125,50521,1355.6268310546875
2022-12-02,1381.0999755859375,1447.5999755859375,1372.550048828125,1400.3499755859375,97599,1365.6717529296875
2022-12-05,1399.0,1399.0,1351.0999755859375,1364.300048828125,106128,1330.5145263671875
2022-12-06,1369.199951171875,1372.0,1325.0,1332.699951171875,59000,1299.697021484375
2022-12-07,1343.199951171875,1349.949951171875,1304.800048828125,1339.75,82638,1306.572509765625
2022-12-08,1349.199951171875,1355.449951171875,1328.050048828125,1337.199951171875,20887,1304.0855712890625
2022-12-09,1349.0,1369.9000244140625,1340.050048828125,1360.0,140205,1326.3209228515625
2022-12-12,1357.199951171875,1368.5,1343.0,1354.8499755859375,23398,1321.2984619140625
2022-12-13,1365.0,1375.0,1350.050048828125,1353.550048828125,21464,1320.03076171875
2022-12-14,1352.0,1409.0,1352.0,1382.25,88146,1348.0198974609375
2022-12-15,1387.5,1387.5,1344.949951171875,1355.0999755859375,29219,1321.5423583984375
2022-12-16,1354.6500244140625,1354.699951171875,1310.0999755859375,1317.199951171875,247418,1284.580810546875
2022-12-19,1326.0,1349.9000244140625,1310.0999755859375,1345.25,29174,1311.936279296875
2022-12-20,1350.0,1357.199951171875,1318.8499755859375,1340.699951171875,84716,1307.4989013671875
2022-12-21,1332.1500244140625,1340.6500244140625,1304.0,1313.949951171875,76770,1281.4112548828125
2022-12-22,1315.0,1327.699951171875,1281.0,1296.800048828125,119776,1264.6861572265625
2022-12-23,1290.0,1313.0,1253.8499755859375,1285.25,75743,1253.4219970703125
2022-12-26,1304.949951171875,1329.0,1270.4000244140625,1301.5999755859375,69009,1269.3671875
2022-12-27,1309.0,1326.199951171875,1288.8499755859375,1296.5,51895,1264.3935546875
2022-12-28,1300.0,1319.199951171875,1286.25,1308.8499755859375,45462,1276.4376220703125
2022-12-29,1308.8499755859375,1335.0,1308.8499755859375,1320.949951171875,58458,1288.238037109375
2022-12-30,1331.199951171875,1354.5,1320.1500244140625,1338.0999755859375,51060,1304.9632568359375
2023-01-02,1338.0,1375.0,1316.0,1360.5999755859375,52516,1326.9061279296875
2023-01-03,1360.5999755859375,1388.9000244140625,1320.8499755859375,1333.4000244140625,63938,1300.3797607421875
2023-01-04,1325.0,1330.0,1290.0,1298.9000244140625,48026,1266.7340087890625
2023-01-05,1299.0,1306.199951171875,1275.0,1293.050048828125,55044,1261.029052734375
2023-01-06,1293.050048828125,1312.0,1290.3499755859375,1299.4000244140625,204200,1267.2216796875
2023-01-09,1300.0,1327.0,1300.0,1311.449951171875,219140,1278.97314453125
2023-01-10,1311.449951171875,1324.949951171875,1310.8499755859375,1315.3499755859375,160984,1282.7767333984375
2023-01-11,1329.9000244140625,1339.0,1311.0999755859375,1314.9000244140625,71956,1282.337890625
2023-01-12,1321.199951171875,1333.3499755859375,1313.6500244140625,1316.449951171875,19404,1283.849365234375
2023-01-13,1321.199951171875,1321.199951171875,1287.0,1293.199951171875,60213,1261.1751708984375
2023-01-16,1295.0,1304.949951171875,1291.0,1297.8499755859375,43573,1265.7099609375
2023-01-17,1303.199951171875,1314.5999755859375,1285.0,1293.199951171875,29910,1261.1751708984375
2023-01-18,1295.0,1299.25,1273.8499755859375,1277.8499755859375,23376,1246.205322265625
2023-01-19,1286.0,1286.0,1251.0999755859375,1264.25,28224,1232.942138671875
2023-01-20,1274.0,1274.0,1215.0,1220.550048828125,81560,1190.3243408203125
2023-01-23,1220.550048828125,1233.199951171875,1180.050048828125,1202.050048828125,81508,1172.2823486328125
2023-01-24,1219.0,1219.0,1160.0,1165.5,82007,1136.6375732421875
2023-01-25,1169.550048828125,1180.800048828125,1122.550048828125,1139.6500244140625,104120,1111.427734375
2023-01-27,1149.949951171875,1166.449951171875,1143.300048828125,1158.8499755859375,39039,1130.1522216796875
2023-01-30,1194.9000244140625,1204.8499755859375,1100.0,1116.75,605013,1089.0947265625
2023-01-31,1140.0,1225.1500244140625,1092.699951171875,1191.5999755859375,1065845,1162.09130859375
2023-02-01,1191.5999755859375,1254.0,1117.050048828125,1219.949951171875,76032,1189.7391357421875
2023-02-02,1178.050048828125,1308.949951171875,1170.0999755859375,1257.550048828125,169195,1226.4080810546875
2023-02-03,1233.0,1253.0,1210.0999755859375,1232.949951171875,56509,1202.417236328125
2023-02-06,1231.949951171875,1234.949951171875,1180.0,1201.949951171875,58776,1172.184814453125
2023-02-07,1212.0,1218.0,1178.550048828125,1186.8499755859375,23367,1157.4588623046875
2023-02-08,1199.0,1199.0,1163.9000244140625,1178.800048828125,50999,1149.6082763671875
2023-02-09,1178.800048828125,1225.5,1162.0,1219.5,34998,1189.3004150390625
2023-02-10,1200.0,1286.300048828125,1200.0,1258.5,107746,1227.33447265625
2023-02-13,1283.699951171875,1290.0,1233.949951171875,1274.0,50852,1242.45068359375
2023-02-14,1267.5,1267.5,1230.0,1234.75,21036,1204.172607421875
2023-02-15,1230.0,1260.050048828125,1225.0,1234.949951171875,37399,1204.36767578125
2023-02-16,1229.0,1268.0,1185.0,1226.1500244140625,168081,1195.78564453125
2023-02-17,1227.5,1264.0,1210.0,1242.300048828125,100276,1211.5357666015625
2023-02-20,1249.8499755859375,1249.8499755859375,1207.9000244140625,1212.449951171875,29347,1182.4248046875
2023-02-21,1205.0,1232.0,1140.0,1168.9000244140625,133715,1139.9532470703125
2023-02-22,1154.0,1179.949951171875,1141.5,1154.449951171875,102112,1125.8612060546875
2023-02-23,1152.8499755859375,1181.5,1124.1500244140625,1162.800048828125,77946,1134.0045166015625
2023-02-24,1174.449951171875,1194.0,1133.5,1162.9000244140625,155219,1134.10205078125
2023-02-27,1151.4000244140625,1221.949951171875,1132.4000244140625,1198.449951171875,76267,1168.7716064453125
2023-02-28,1195.0,1220.0,1170.949951171875,1203.699951171875,91118,1173.8916015625
2023-03-01,1186.0,1202.949951171875,1172.0,1185.9000244140625,76484,1156.5323486328125
2023-03-02,1196.9000244140625,1205.0,1165.199951171875,1203.5,50164,1173.696533203125
2023-03-03,1203.449951171875,1207.949951171875,1180.5,1187.25,40027,1157.8489990234375
2023-03-06,1205.050048828125,1205.050048828125,1171.0,1190.9000244140625,177614,1161.4085693359375
2023-03-08,1187.0,1199.9000244140625,1173.050048828125,1185.449951171875,34688,1156.093505859375
2023-03-09,1175.0,1189.25,1165.0,1172.449951171875,30495,1143.415283203125
2023-03-10,1174.0,1175.5999755859375,1149.5999755859375,1167.4000244140625,34854,1138.4906005859375
2023-03-13,1152.0,1190.0,1152.0,1161.050048828125,43065,1132.2978515625
2023-03-14,1162.25,1186.699951171875,1134.949951171875,1141.3499755859375,35642,1113.0855712890625
2023-03-15,1169.9000244140625,1179.0,1122.0,1139.050048828125,64228,1110.8426513671875
2023-03-16,1127.6500244140625,1155.0,1115.0,1141.199951171875,50790,1112.9393310546875
2023-03-17,1140.0,1192.0,1125.1500244140625,1168.6500244140625,391158,1139.7095947265625
2023-03-20,1150.699951171875,1151.0,1126.0,1134.1500244140625,23058,1106.06396484375
2023-03-21,1136.0,1149.9000244140625,1131.9000244140625,1140.1500244140625,51927,1111.915283203125
2023-03-22,1140.1500244140625,1145.0,1121.0,1125.9000244140625,19175,1098.018310546875
2023-03-23,1127.8499755859375,1136.0999755859375,1106.0,1123.6500244140625,90512,1095.8238525390625
2023-03-24,1128.9000244140625,1130.949951171875,1100.0999755859375,1110.4000244140625,36378,1082.902099609375
2023-03-27,1110.0,1113.449951171875,1087.550048828125,1100.5999755859375,49625,1073.3446044921875
2023-03-28,1100.0,1116.699951171875,1058.050048828125,1097.800048828125,133323,1070.6141357421875
2023-03-29,1099.949951171875,1124.199951171875,1092.3499755859375,1104.3499755859375,84838,1077.001953125
2023-03-31,1113.1500244140625,1181.0,1106.800048828125,1139.1500244140625,111443,1110.9400634765625
2023-04-03,1144.3499755859375,1164.949951171875,1131.3499755859375,1139.199951171875,52702,1110.98876953125
2023-04-05,1154.9000244140625,1154.9000244140625,1122.1500244140625,1132.25,56726,1104.2110595703125
2023-04-06,1131.699951171875,1148.449951171875,1127.300048828125,1139.5999755859375,30910,1111.37890625
2023-04-10,1139.449951171875,1144.800048828125,1126.050048828125,1140.0999755859375,227324,1111.866455078125
2023-04-11,1135.0,1164.0,1132.449951171875,1153.1500244140625,230246,1124.5933837890625
2023-04-12,1142.5,1239.949951171875,1142.5,1214.199951171875,237392,1184.1314697265625
2023-04-13,1232.8499755859375,1249.0,1213.300048828125,1238.550048828125,98740,1207.878662109375
2023-04-17,1228.949951171875,1270.0,1227.5999755859375,1263.800048828125,190630,1232.5032958984375
2023-04-18,1260.050048828125,1294.0,1258.800048828125,1270.949951171875,65121,1239.4761962890625
2023-04-19,1263.3499755859375,1291.949951171875,1244.0,1278.699951171875,122718,1247.0343017578125
2023-04-20,1263.5,1295.75,1260.0999755859375,1267.25,31357,1235.867919921875
2023-04-21,1259.6500244140625,1294.75,1259.5999755859375,1280.199951171875,156178,1248.4970703125
2023-04-24,1275.0,1309.0,1275.0,1290.199951171875,129175,1258.24951171875
2023-04-25,1296.949951171875,1318.699951171875,1292.050048828125,1306.6500244140625,88461,1274.2921142578125
2023-04-26,1318.0,1318.0,1232.699951171875,1251.5,62993,1220.5078125
2023-04-27,1245.050048828125,1265.0,1237.5999755859375,1256.199951171875,38705,1225.0914306640625
2023-04-28,1256.949951171875,1276.699951171875,1247.550048828125,1272.1500244140625,33991,1240.646484375
2023-05-02,1292.4000244140625,1292.4000244140625,1235.0,1249.8499755859375,87413,1218.8988037109375
2023-05-03,1272.5,1278.75,1236.0,1243.199951171875,155088,1212.413330078125
2023-05-04,1237.0999755859375,1251.449951171875,1216.0,1229.3499755859375,39450,1198.9063720703125
2023-05-05,1229.0,1242.8499755859375,1220.0,1225.9000244140625,18166,1195.5418701171875
2023-05-08,1234.9000244140625,1249.75,1215.300048828125,1225.300048828125,29560,1194.9566650390625
2023-05-09,1225.300048828125,1249.0,1223.050048828125,1240.5,50006,1209.7802734375
2023-05-10,1248.949951171875,1298.9000244140625,1236.75,1282.0999755859375,137814,1250.35009765625
2023-05-11,1269.0,1305.0,1260.0,1262.699951171875,103451,1231.430419921875
2023-05-12,1274.6500244140625,1300.9000244140625,1264.449951171875,1274.3499755859375,81843,1242.7919921875
2023-05-15,1273.949951171875,1286.0,1251.1500244140625,1259.6500244140625,52410,1228.4561767578125
2023-05-16,1259.6500244140625,1284.0,1245.550048828125,1257.0,23395,1225.8717041015625
2023-05-17,1258.949951171875,1264.449951171875,1233.5,1246.300048828125,31621,1215.436767578125
2023-05-18,1198.0,1319.800048828125,1195.0,1249.0999755859375,1277918,1218.1673583984375
2023-05-19,1211.0,1242.0,1206.0,1230.25,2578071,1199.7840576171875
2023-05-22,1221.0999755859375,1233.800048828125,1205.199951171875,1224.949951171875,1487265,1194.6153564453125
2023-05-23,1224.949951171875,1249.9000244140625,1224.3499755859375,1246.5,664800,1215.6317138671875
2023-05-24,1242.5,1280.3499755859375,1238.4000244140625,1268.75,812245,1237.3306884765625
2023-05-25,1271.25,1272.949951171875,1236.0,1254.5999755859375,131925,1223.531005859375
2023-05-26,1254.5999755859375,1285.0,1254.5999755859375,1274.9000244140625,230670,1243.3284912109375
2023-05-29,1275.0,1279.4000244140625,1261.0999755859375,1267.5999755859375,80348,1236.2091064453125
2023-05-30,1270.0,1297.949951171875,1263.800048828125,1293.800048828125,193959,1261.7603759765625
2023-05-31,1285.0,1296.3499755859375,1251.1500244140625,1287.5,99807,1255.616455078125
2023-06-01,1287.0,1297.949951171875,1253.25,1265.050048828125,697074,1233.722412109375
2023-06-02,1263.050048828125,1290.050048828125,1263.050048828125,1286.800048828125,194321,1254.9337158203125
2023-06-05,1281.0,1295.0,1270.0,1284.0999755859375,106786,1252.300537109375
2023-06-06,1291.9000244140625,1294.199951171875,1267.050048828125,1283.1500244140625,123758,1251.3741455078125
2023-06-07,1283.1500244140625,1316.949951171875,1272.5999755859375,1290.3499755859375,267502,1258.3958740234375
2023-06-08,1274.550048828125,1300.0,1274.550048828125,1283.0,71016,1251.2279052734375
2023-06-09,1283.199951171875,1296.949951171875,1270.800048828125,1284.949951171875,56678,1253.12939453125
2023-06-12,1284.949951171875,1295.0,1266.0,1293.0999755859375,97062,1261.0777587890625
2023-06-13,1293.0999755859375,1306.0,1281.0999755859375,1302.0999755859375,60708,1269.8548583984375
2023-06-14,1301.949951171875,1338.449951171875,1290.050048828125,1320.6500244140625,149940,1287.9454345703125
2023-06-15,1324.449951171875,1359.0,1323.0,1354.550048828125,160199,1321.0059814453125
2023-06-16,1358.4000244140625,1379.0,1326.0,1363.699951171875,217884,1329.92919921875
2023-06-19,1374.0,1374.0,1334.4000244140625,1338.6500244140625,99196,1305.4996337890625
2023-06-20,1334.0,1335.949951171875,1306.449951171875,1321.5999755859375,105145,1288.8719482421875
2023-06-21,1332.9000244140625,1354.0,1321.5999755859375,1341.550048828125,125297,1308.327880859375
2023-06-22,1345.8499755859375,1363.0,1316.300048828125,1328.199951171875,118682,1295.308349609375
2023-06-23,1331.6500244140625,1331.6500244140625,1296.5,1300.5999755859375,84492,1268.391845703125
2023-06-26,1300.5999755859375,1312.4000244140625,1279.0,1288.9000244140625,332022,1256.981689453125
2023-06-27,1299.0,1301.0,1270.0,1274.050048828125,108666,1242.4996337890625
2023-06-28,1280.0,1287.6500244140625,1246.199951171875,1254.800048828125,737822,1223.7261962890625
2023-06-30,1266.9000244140625,1277.5,1228.199951171875,1239.0,589747,1208.3175048828125
2023-07-03,1255.0,1258.4000244140625,1221.0,1227.5,366277,1197.1021728515625
2023-07-04,1227.550048828125,1234.9000244140625,1208.5,1220.800048828125,319363,1190.568115234375
2023-07-05,1248.0,1248.0,1212.0,1221.550048828125,105242,1191.2996826171875
2023-07-06,1220.0,1238.050048828125,1213.199951171875,1217.050048828125,89418,1186.9111328125
2023-07-07,1215.0,1224.449951171875,1188.5,1206.1500244140625,165382,1176.281005859375
2023-07-10,1205.050048828125,1246.0,1205.050048828125,1230.449951171875,440338,1199.9791259765625
2023-07-11,1242.4000244140625,1248.300048828125,1205.199951171875,1214.300048828125,179298,1184.2291259765625
2023-07-12,1225.4000244140625,1249.949951171875,1222.449951171875,1244.699951171875,150406,1213.876220703125
2023-07-13,1248.0,1264.0,1231.0,1244.9000244140625,370357,1214.0712890625
2023-07-14,1239.800048828125,1248.949951171875,1221.25,1230.8499755859375,81807,1200.3692626953125
2023-07-17,1238.9000244140625,1243.8499755859375,1215.0,1239.25,146480,1208.5611572265625
2023-07-18,1247.949951171875,1264.0,1236.550048828125,1256.0,80931,1224.8963623046875
2023-07-19,1262.949951171875,1273.949951171875,1250.3499755859375,1269.0999755859375,67234,1237.6719970703125
2023-07-20,1274.949951171875,1284.5,1267.199951171875,1278.050048828125,65401,1246.400390625
2023-07-21,1284.4000244140625,1292.5999755859375,1261.0999755859375,1281.050048828125,209807,1249.326171875
2023-07-24,1292.9000244140625,1308.0,1267.25,1287.050048828125,283282,1255.1776123046875
2023-07-25,1287.050048828125,1290.0,1240.5,1249.75,139547,1218.80126953125
2023-07-26,1249.75,1265.550048828125,1222.0,1231.0,73095,1200.515625
2023-07-27,1220.0,1248.0,1205.0,1235.5,254323,1204.9041748046875
2023-07-28,1235.5,1245.0,1212.1500244140625,1240.5999755859375,113186,1209.8778076171875
2023-07-31,1252.5999755859375,1268.75,1232.0,1265.75,115187,1234.4049072265625
2023-08-01,1260.0,1305.0,1260.0,1297.0999755859375,268751,1264.9786376953125
2023-08-02,1285.0999755859375,1310.9000244140625,1256.0,1284.6500244140625,269632,1252.8369140625
2023-08-03,1273.0,1285.949951171875,1247.0,1255.050048828125,169645,1223.969970703125
2023-08-04,1248.0,1282.300048828125,1247.9000244140625,1274.1500244140625,87406,1242.5970458984375
2023-08-07,1274.0,1287.699951171875,1250.0,1265.199951171875,230616,1233.86865234375
2023-08-08,1260.0,1285.199951171875,1250.699951171875,1272.6500244140625,77633,1241.1341552734375
2023-08-09,1267.5,1295.0,1265.949951171875,1285.550048828125,55590,1253.7147216796875
2023-08-10,1292.9000244140625,1292.949951171875,1260.0,1267.75,294329,1236.35546875
2023-08-11,1267.0,1280.0,1252.0,1267.050048828125,78109,1235.6728515625
2023-08-14,1262.0,1273.949951171875,1254.0,1264.050048828125,37606,1232.7470703125
2023-08-16,1264.050048828125,1283.5,1248.300048828125,1258.9000244140625,119699,1227.7247314453125
2023-08-17,1252.5,1254.949951171875,1235.0,1240.3499755859375,32684,1218.343994140625
2023-08-18,1233.949951171875,1243.800048828125,1222.199951171875,1225.050048828125,270270,1203.3155517578125
2023-08-21,1229.1500244140625,1244.0,1217.550048828125,1227.800048828125,288034,1206.0167236328125
2023-08-22,1230.0,1274.8499755859375,1230.0,1260.550048828125,274411,1238.185791015625
2023-08-23,1270.9000244140625,1280.0,1234.0,1236.8499755859375,71317,1214.9061279296875
2023-08-24,1248.800048828125,1248.800048828125,1214.0,1215.199951171875,370376,1193.6402587890625
2023-08-25,1223.0,1248.0,1197.550048828125,1218.550048828125,249211,1196.930908203125
2023-08-28,1219.0,1245.0,1215.0,1235.699951171875,67396,1213.7764892578125
2023-08-29,1241.699951171875,1249.949951171875,1222.8499755859375,1235.9000244140625,1034473,1213.9730224609375
2023-08-30,1250.0,1270.0,1250.0,1262.199951171875,303312,1239.8062744140625
2023-08-31,1260.300048828125,1274.949951171875,1255.0,1260.449951171875,41613,1238.08740234375
2023-09-01,1264.949951171875,1273.9000244140625,1249.5,1258.4000244140625,67808,1236.0738525390625
2023-09-04,1269.949951171875,1269.949951171875,1248.0,1250.3499755859375,204252,1228.1666259765625
2023-09-05,1259.3499755859375,1305.0,1248.0999755859375,1297.699951171875,198191,1274.676513671875
2023-09-06,1300.0,1309.0,1286.199951171875,1289.5,65712,1266.6220703125
2023-09-07,1289.5,1299.949951171875,1276.0,1289.6500244140625,43422,1266.7694091796875
2023-09-08,1294.949951171875,1294.949951171875,1277.0,1280.75,155334,1258.02734375
2023-09-11,1291.9000244140625,1310.75,1279.699951171875,1293.75,613470,1270.7967529296875
2023-09-12,1304.9000244140625,1309.800048828125,1260.550048828125,1289.3499755859375,120579,1266.4747314453125
2023-09-13,1287.9000244140625,1297.1500244140625,1248.0,1285.300048828125,157498,1262.49658203125
2023-09-14,1285.0,1293.300048828125,1273.300048828125,1283.699951171875,179230,1260.9249267578125
2023-09-15,1288.199951171875,1321.9000244140625,1270.5999755859375,1314.0,230924,1290.6873779296875
2023-09-18,1324.949951171875,1343.0,1303.0,1318.5,116281,1295.1075439453125
2023-09-20,1320.0,1325.1500244140625,1297.449951171875,1318.949951171875,74625,1295.549560546875
2023-09-21,1313.6500244140625,1335.0,1300.0,1312.449951171875,70062,1289.164794921875
2023-09-22,1312.0,1349.949951171875,1300.050048828125,1342.25,106793,1318.436279296875
2023-09-25,1349.75,1365.5,1318.0,1333.4000244140625,74064,1309.7432861328125
2023-09-26,1344.5,1355.949951171875,1312.75,1322.1500244140625,113716,1298.6927490234375
2023-09-27,1334.0,1334.0,1298.800048828125,1301.3499755859375,61115,1278.2618408203125
2023-09-28,1301.5999755859375,1336.949951171875,1295.050048828125,1323.9000244140625,166376,1300.4117431640625
2023-09-29,1329.0,1348.949951171875,1316.050048828125,1338.550048828125,92674,1314.8018798828125
2023-10-03,1338.550048828125,1343.699951171875,1313.550048828125,1332.449951171875,52783,1308.81005859375
2023-10-04,1327.0999755859375,1329.1500244140625,1301.050048828125,1313.25,39497,1289.95068359375
2023-10-05,1310.0,1328.949951171875,1278.0,1292.800048828125,98276,1269.863525390625
2023-10-06,1293.449951171875,1311.0,1285.5999755859375,1298.9000244140625,170334,1275.855224609375
2023-10-09,1284.9000244140625,1311.4000244140625,1276.050048828125,1289.1500244140625,71792,1266.2781982421875
2023-10-10,1287.75,1303.5,1271.6500244140625,1281.699951171875,38111,1258.9603271484375
2023-10-11,1280.5,1307.949951171875,1272.75,1294.0999755859375,42248,1271.140380859375
2023-10-12,1305.9000244140625,1307.3499755859375,1285.0,1293.699951171875,24733,1270.7474365234375
2023-10-13,1297.9000244140625,1298.0,1274.0,1276.9000244140625,41386,1254.24560546875
2023-10-16,1279.0,1306.9000244140625,1262.050048828125,1275.25,78929,1252.6248779296875
2023-10-17,1277.6500244140625,1305.0,1277.0,1295.75,77195,1272.76123046875
2023-10-18,1296.9000244140625,1310.199951171875,1272.0,1283.1500244140625,72465,1260.384765625
2023-10-19,1284.699951171875,1329.5,1270.6500244140625,1319.25,152787,1295.84423828125
2023-10-20,1315.0999755859375,1330.0,1300.25,1311.0999755859375,44009,1287.8388671875
2023-10-23,1308.9000244140625,1349.9000244140625,1283.550048828125,1297.4000244140625,100135,1274.3819580078125
2023-10-25,1298.5999755859375,1319.199951171875,1285.0,1294.949951171875,142129,1271.975341796875
2023-10-26,1294.8499755859375,1304.8499755859375,1247.949951171875,1269.800048828125,208679,1247.2716064453125
2023-10-27,1269.949951171875,1297.0,1269.949951171875,1283.050048828125,35911,1260.28662109375
2023-10-30,1284.1500244140625,1315.4000244140625,1275.550048828125,1285.8499755859375,73479,1263.036865234375
2023-10-31,1291.699951171875,1314.449951171875,1282.0,1292.1500244140625,375082,1269.22509765625
2023-11-01,1267.0999755859375,1315.0,1256.25,1295.1500244140625,327765,1272.171875
2023-11-02,1293.699951171875,1313.8499755859375,1292.0,1304.5999755859375,812974,1281.4542236328125
2023-11-03,1304.9000244140625,1311.1500244140625,1298.25,1302.6500244140625,38068,1279.5386962890625
2023-11-06,1321.699951171875,1321.699951171875,1300.0,1304.5999755859375,39291,1281.4542236328125
2023-11-07,1304.050048828125,1320.0,1300.0,1311.5999755859375,46279,1288.329833984375
2023-11-08,1316.0,1364.5,1316.0,1338.199951171875,160812,1314.4580078125
2023-11-09,1332.5999755859375,1344.550048828125,1320.25,1333.550048828125,46546,1309.890625
2023-11-10,1332.449951171875,1336.0999755859375,1320.5,1332.699951171875,30812,1309.0555419921875
2023-11-13,1348.0,1348.0,1330.5,1340.25,25850,1316.4716796875
2023-11-15,1340.25,1355.0,1314.050048828125,1347.949951171875,161477,1324.0350341796875
2023-11-16,1346.8499755859375,1346.8499755859375,1315.199951171875,1328.199951171875,48484,1304.6353759765625
2023-11-17,1338.9000244140625,1338.9000244140625,1292.050048828125,1304.800048828125,68363,1281.650634765625
2023-11-20,1302.6500244140625,1311.699951171875,1272.0,1289.199951171875,142551,1266.3272705078125
2023-11-21,1285.0,1302.6500244140625,1283.25,1297.5,304324,1274.4801025390625
2023-11-22,1303.8499755859375,1324.4000244140625,1289.75,1301.300048828125,63095,1278.2127685546875
2023-11-23,1304.300048828125,1310.0,1290.0,1304.75,1052777,1281.6015625
2023-11-24,1308.9000244140625,1359.0,1301.199951171875,1344.3499755859375,285045,1320.4989013671875
2023-11-28,1360.0,1420.0,1360.0,1406.550048828125,486545,1381.595458984375
2023-11-29,1420.0,1426.050048828125,1381.3499755859375,1394.949951171875,339781,1370.201171875
2023-11-30,1392.9000244140625,1399.0,1360.0,1370.449951171875,558892,1346.1358642578125
2023-12-01,1370.5,1399.0,1356.5999755859375,1391.75,775656,1367.0579833984375
2023-12-04,1404.0,1428.0,1387.0,1396.1500244140625,79142,1371.3800048828125
2023-12-05,1399.9000244140625,1444.8499755859375,1387.050048828125,1432.550048828125,293873,1407.1341552734375
2023-12-06,1448.800048828125,1454.050048828125,1426.5999755859375,1438.5,224687,1412.978515625
2023-12-07,1438.5,1464.0,1427.050048828125,1457.6500244140625,586071,1431.788818359375
2023-12-08,1457.6500244140625,1487.9000244140625,1442.0,1458.75,187910,1432.8692626953125
2023-12-11,1458.75,1474.699951171875,1422.0,1434.199951171875,122921,1408.7547607421875
2023-12-12,1434.199951171875,1435.0,1356.050048828125,1368.1500244140625,149828,1343.8765869140625
2023-12-13,1372.300048828125,1406.699951171875,1345.949951171875,1376.25,590742,1351.8328857421875
2023-12-14,1383.0,1385.050048828125,1331.699951171875,1338.949951171875,478421,1315.1947021484375
2023-12-15,1350.0,1359.5,1319.6500244140625,1330.949951171875,175028,1307.336669921875
2023-12-18,1339.949951171875,1380.0,1335.4000244140625,1371.199951171875,120772,1346.87255859375
2023-12-19,1380.0,1382.300048828125,1341.0,1347.699951171875,113652,1323.7894287109375
2023-12-20,1359.5,1362.4000244140625,1288.949951171875,1296.1500244140625,193080,1273.154052734375
2023-12-21,1295.9000244140625,1304.0,1266.0999755859375,1295.949951171875,267687,1272.95751953125
2023-12-22,1307.9000244140625,1309.9000244140625,1251.800048828125,1278.3499755859375,171175,1255.6697998046875
2023-12-26,1290.0,1294.9000244140625,1277.0,1281.949951171875,52963,1259.2059326171875
2023-12-27,1282.0,1293.9000244140625,1263.050048828125,1266.449951171875,85107,1243.98095703125
2023-12-28,1271.449951171875,1275.699951171875,1251.0999755859375,1261.0999755859375,155921,1238.725830078125
2023-12-29,1265.0999755859375,1278.0,1255.0,1267.9000244140625,184201,1245.4052734375
2024-01-01,1277.449951171875,1280.050048828125,1263.1500244140625,1275.449951171875,86359,1252.8212890625
2024-01-02,1278.449951171875,1291.5999755859375,1272.25,1275.800048828125,118317,1253.1651611328125
2024-01-03,1278.699951171875,1282.449951171875,1256.4000244140625,1260.4000244140625,83352,1238.038330078125
2024-01-04,1260.0,1269.1500244140625,1233.199951171875,1238.6500244140625,177474,1216.6741943359375
2024-01-05,1244.5,1248.300048828125,1203.0,1209.550048828125,259203,1188.090576171875
2024-01-08,1215.5,1227.9000244140625,1200.9000244140625,1209.5,204687,1188.0413818359375
2024-01-09,1224.8499755859375,1224.8499755859375,1196.699951171875,1204.0,504299,1182.6390380859375
2024-01-10,1210.0,1243.800048828125,1207.0,1226.699951171875,676360,1204.9361572265625
2024-01-11,1244.6500244140625,1250.5999755859375,1225.0,1228.949951171875,96311,1207.146240234375
2024-01-12,1226.3499755859375,1231.949951171875,1192.0999755859375,1199.6500244140625,149097,1178.3662109375
2024-01-15,1199.6500244140625,1199.6500244140625,1199.6500244140625,1199.6500244140625,0,1178.3662109375
2024-01-16,1228.9000244140625,1228.9000244140625,1195.0,1198.449951171875,198035,1177.1873779296875
2024-01-17,1195.0,1195.75,1157.199951171875,1162.949951171875,432897,1142.3172607421875
2024-01-18,1169.6500244140625,1169.6500244140625,1116.050048828125,1120.4000244140625,215674,1100.5220947265625
2024-01-19,1130.0,1130.25,1080.0,1088.050048828125,410871,1068.74609375
2024-01-23,1097.199951171875,1107.0,1050.0,1060.9000244140625,184571,1042.0777587890625
2024-01-24,1061.25,1083.699951171875,1043.050048828125,1072.449951171875,318311,1053.4228515625
2024-01-25,1080.050048828125,1146.800048828125,1072.0,1125.050048828125,714757,1105.0897216796875
2024-01-29,1144.9000244140625,1144.9000244140625,1101.0,1105.8499755859375,167282,1086.230224609375
2024-01-30,1110.0,1110.0,1018.0,1030.4000244140625,1310910,1012.1189575195312
2024-01-31,1035.0,1035.5,980.4000244140625,1003.5,1708529,985.6962280273438
2024-02-01,1016.0,1017.4500122070312,980.0499877929688,981.8499755859375,358335,964.4302368164062
2024-02-02,986.75,989.7000122070312,960.0,961.6500244140625,725177,944.5886840820312
2024-02-05,976.2000122070312,976.2000122070312,945.0,953.6500244140625,433823,936.7306518554688
2024-02-06,961.9000244140625,984.9000244140625,948.7999877929688,961.5,631813,944.4413452148438
2024-02-07,975.5499877929688,1003.2999877929688,970.0499877929688,997.4000244140625,322195,979.7044067382812
2024-02-08,1011.4000244140625,1011.4000244140625,980.0,983.6500244140625,163587,966.1983642578125
2024-02-09,987.0,994.9000244140625,952.75,964.7999877929688,217319,947.6827392578125
2024-02-12,969.6500244140625,981.3499755859375,949.3499755859375,956.3499755859375,160016,939.3826904296875
2024-02-13,955.0,968.9500122070312,933.0,955.2999877929688,180044,938.351318359375
2024-02-14,955.2999877929688,983.2999877929688,950.0499877929688,974.9000244140625,196038,957.6036376953125
2024-02-15,986.0,994.2000122070312,951.1500244140625,961.5499877929688,256047,944.4904174804688
2024-02-16,966.3499755859375,983.9500122070312,960.3499755859375,972.4000244140625,128579,955.14794921875
2024-02-19,987.0,1001.0,980.0,993.3499755859375,397645,975.7262573242188
2024-02-20,994.0,995.7000122070312,983.5999755859375,987.25,94399,969.7344360351562
2024-02-21,997.0,997.0,975.0,982.5,349524,965.0687866210938
2024-02-22,988.0499877929688,1005.9500122070312,982.7000122070312,990.7000122070312,330783,973.123291015625
2024-02-23,993.0499877929688,1002.0499877929688,980.75,985.2000122070312,125446,967.7208862304688
2024-02-26,991.9000244140625,993.8499755859375,977.9500122070312,986.0499877929688,107123,968.5557861328125
2024-02-27,988.3499755859375,992.0,983.25,990.7000122070312,73532,973.123291015625
2024-02-28,985.2999877929688,1026.5,985.2999877929688,1020.7000122070312,805806,1002.591064453125
2024-02-29,1020.7000122070312,1038.9000244140625,1004.0499877929688,1029.1500244140625,342881,1010.8911743164062
2024-03-01,1030.550048828125,1062.0999755859375,1011.2000122070312,1024.300048828125,511511,1006.127197265625
2024-03-04,1030.0,1049.949951171875,1008.0,1011.2999877929688,702672,993.3577880859375
2024-03-05,1021.0,1021.0,995.0999755859375,999.9500122070312,183399,982.2091674804688
2024-03-06,1013.9000244140625,1013.9000244140625,969.0499877929688,980.7999877929688,201358,963.39892578125
2024-03-07,978.0,987.0,963.7000122070312,965.3499755859375,154789,948.2230224609375
2024-03-11,978.2999877929688,979.8499755859375,950.0,958.4500122070312,127927,941.4454345703125
2024-03-12,959.5,970.3499755859375,948.2000122070312,955.0499877929688,140933,938.1057739257812
2024-03-13,960.1500244140625,967.2999877929688,895.0,908.8499755859375,319340,892.7254028320312
2024-03-14,910.2000122070312,957.0499877929688,897.5499877929688,934.9500122070312,1045257,918.3623657226562
2024-03-15,952.0,989.7000122070312,919.0,925.4000244140625,511699,908.9818725585938
2024-03-18,925.4000244140625,937.0,901.25,907.5499877929688,284251,891.448486328125
2024-03-19,913.5999755859375,921.4000244140625,903.1500244140625,907.75,129531,891.6448974609375
2024-03-20,908.0499877929688,910.0,886.5499877929688,889.7000122070312,652901,873.9151611328125
2024-03-21,907.5999755859375,914.5,887.0,896.5499877929688,401423,880.6436767578125
2024-03-22,900.0,939.0,900.0,933.0,416516,916.447021484375
2024-03-26,930.0,946.2999877929688,916.5,925.0,251251,908.5889282226562
2024-03-27,933.0,955.0,923.0499877929688,941.5499877929688,400370,924.8452758789062
2024-03-28,942.8499755859375,958.5499877929688,925.0,926.5,194068,910.062255859375
2024-04-01,949.9000244140625,969.0,935.3499755859375,960.5499877929688,177712,943.5081787109375
2024-04-02,964.9000244140625,964.9000244140625,948.25,953.2000122070312,115764,936.2886352539062
2024-04-03,956.9000244140625,964.7000122070312,935.5499877929688,940.0,203208,923.32275390625
2024-04-04,948.3499755859375,959.9000244140625,936.2000122070312,942.3499755859375,134372,925.6310424804688
2024-04-05,942.3499755859375,952.3499755859375,902.0,909.6500244140625,614676,893.5112915039062
2024-04-08,927.2000122070312,927.2000122070312,909.6500244140625,918.0999755859375,168561,901.811279296875
2024-04-09,918.0,929.5499877929688,899.0,904.0,475426,887.9614868164062
2024-04-10,913.0499877929688,919.0499877929688,897.0,913.2999877929688,340228,897.0964965820312
2024-04-12,914.0,927.0,910.0,914.3499755859375,125552,898.1278076171875
2024-04-15,905.0,909.9000244140625,886.0499877929688,903.3499755859375,226044,887.322998046875
2024-04-16,900.0,940.0,895.5,905.2999877929688,262160,889.2384033203125
2024-04-18,910.0,915.7000122070312,896.4000244140625,902.7999877929688,529944,886.78271484375
2024-04-19,902.8499755859375,925.0,890.0499877929688,918.2999877929688,191710,902.0077514648438
2024-04-22,934.8499755859375,934.8499755859375,920.9500122070312,932.9000244140625,232223,916.3487548828125
2024-04-23,933.0,934.0,919.9500122070312,922.2999877929688,117306,905.9368286132812
2024-04-24,932.0,953.9500122070312,927.0499877929688,939.5499877929688,434717,922.8807373046875
2024-04-25,944.9500122070312,945.0,922.4000244140625,925.7000122070312,87314,909.2764892578125
2024-04-26,934.0,940.9500122070312,925.0,937.5499877929688,98849,920.916259765625
2024-04-29,940.0,951.5999755859375,940.0,949.5999755859375,274264,932.75244140625
2024-04-30,962.5,966.4000244140625,939.2999877929688,953.5999755859375,430018,936.6815185546875
2024-05-02,955.0,963.4500122070312,925.5499877929688,944.75,680498,927.988525390625
2024-05-03,951.2999877929688,956.25,923.0,932.5999755859375,217782,916.0540771484375
2024-05-06,933.0499877929688,941.9500122070312,917.25,926.0,151335,909.5711669921875
2024-05-07,926.0,965.0,917.7999877929688,962.2999877929688,534327,945.2271118164062
2024-05-08,965.9500122070312,989.5499877929688,953.5,968.6500244140625,1047777,951.4644775390625
2024-05-09,979.7999877929688,985.9500122070312,949.0499877929688,957.5,220870,940.5122680664062
2024-05-10,957.5,987.9000244140625,948.25,983.5499877929688,207174,966.10009765625
2024-05-13,988.9000244140625,1002.0,963.5,994.4000244140625,346676,976.7576293945312
2024-05-14,996.0,1015.0,984.1500244140625,1010.4500122070312,558721,992.5228881835938
2024-05-15,1014.5,1046.25,1008.6500244140625,1041.050048828125,437881,1022.5799560546875
2024-05-16,1047.3499755859375,1076.949951171875,1035.0,1068.4000244140625,377812,1049.44482421875
2024-05-17,1067.0,1082.300048828125,1023.9500122070312,1044.0,291905,1025.4775390625
2024-05-21,1030.0,1054.0,1019.5,1041.4000244140625,279849,1022.9237670898438
2024-05-22,1050.949951171875,1069.8499755859375,1020.2000122070312,1028.949951171875,228349,1010.694580078125
2024-05-23,1029.8499755859375,1050.0,1025.0999755859375,1039.0999755859375,210232,1020.66455078125
2024-05-24,1043.3499755859375,1051.6500244140625,1021.0,1023.2000122070312,91446,1005.0466918945312
2024-05-27,1021.0499877929688,1040.75,1005.0,1036.800048828125,251889,1018.4054565429688
2024-05-28,1036.800048828125,1046.949951171875,1008.25,1016.1500244140625,200106,998.1217651367188
2024-05-29,1020.3499755859375,1033.949951171875,1011.0,1024.050048828125,152056,1005.881591796875
2024-05-30,1015.9500122070312,1029.1500244140625,999.0,1002.4500122070312,100431,984.664794921875
2024-05-31,1002.5,1074.949951171875,990.2000122070312,1043.25,1582317,1024.740966796875
2024-06-03,1085.0,1089.949951171875,1030.050048828125,1041.4000244140625,138388,1022.9237670898438
2024-06-04,1049.6500244140625,1061.449951171875,979.4000244140625,1032.5999755859375,400785,1014.2798461914062
2024-06-05,1034.0,1061.0,1020.4000244140625,1058.449951171875,153028,1039.6712646484375
2024-06-06,1058.449951171875,1074.75,1045.0,1051.4000244140625,167279,1032.7464599609375
2024-06-07,1057.6500244140625,1119.9000244140625,1054.5,1114.5,403895,1094.726806640625
2024-06-10,1118.949951171875,1135.949951171875,1106.3499755859375,1112.25,141041,1092.5167236328125
2024-06-11,1108.050048828125,1122.550048828125,1100.550048828125,1116.050048828125,94645,1096.2493896484375
2024-06-12,1120.0,1143.5,1108.0,1126.1500244140625,180699,1106.170166015625
2024-06-13,1128.75,1151.949951171875,1122.5999755859375,1148.25,282572,1127.8780517578125
2024-06-14,1150.9000244140625,1167.0,1140.0,1147.6500244140625,181097,1127.288818359375
2024-06-18,1147.949951171875,1200.0,1147.949951171875,1197.300048828125,464024,1176.057861328125
2024-06-19,1197.300048828125,1210.0,1165.0,1173.300048828125,398579,1152.483642578125
2024-06-20,1175.0,1188.949951171875,1146.0,1154.199951171875,129279,1133.722412109375
2024-06-21,1168.800048828125,1169.949951171875,1107.0,1120.1500244140625,236067,1100.276611328125
2024-06-24,1130.6500244140625,1131.3499755859375,1084.9000244140625,1092.699951171875,187626,1073.3135986328125
2024-06-25,1094.5,1112.0,1092.8499755859375,1107.550048828125,54630,1087.900146484375
2024-06-26,1116.449951171875,1124.550048828125,1071.0,1078.9000244140625,137062,1059.7584228515625
2024-06-27,1078.949951171875,1090.800048828125,1049.5999755859375,1057.5999755859375,175257,1038.83642578125
2024-06-28,1058.8499755859375,1072.5999755859375,1044.0,1051.6500244140625,101387,1032.991943359375
2024-07-01,1051.6500244140625,1109.5,1045.75,1088.9000244140625,133032,1069.5810546875
2024-07-02,1089.449951171875,1102.0,1070.050048828125,1098.3499755859375,163614,1078.8634033203125
2024-07-03,1110.0,1129.8499755859375,1098.3499755859375,1125.9000244140625,112477,1105.9246826171875
2024-07-04,1134.949951171875,1145.0,1117.9000244140625,1125.6500244140625,224954,1105.678955078125
2024-07-05,1117.0,1125.25,1088.0,1094.6500244140625,133420,1075.2291259765625
2024-07-08,1094.5999755859375,1094.6500244140625,1065.0,1069.5999755859375,77406,1050.6234130859375
2024-07-09,1074.0,1084.699951171875,1045.949951171875,1053.699951171875,153832,1035.0054931640625
2024-07-10,1053.0,1082.5,1040.0,1050.0999755859375,106968,1031.4693603515625
2024-07-11,1044.449951171875,1072.1500244140625,1044.449951171875,1050.3499755859375,85440,1031.7149658203125
2024-07-12,1052.9000244140625,1055.300048828125,1016.0999755859375,1026.0999755859375,161628,1007.8952026367188
2024-07-15,1029.0,1041.199951171875,1022.0,1035.0999755859375,125654,1016.7355346679688
2024-07-16,1040.050048828125,1078.5999755859375,1033.800048828125,1063.8499755859375,127358,1044.9754638671875
2024-07-18,1063.8499755859375,1067.300048828125,1033.75,1038.6500244140625,65855,1020.2225952148438
2024-07-19,1030.800048828125,1044.550048828125,1026.300048828125,1036.300048828125,58325,1017.914306640625
2024-07-22,1036.300048828125,1056.0,1022.3499755859375,1054.0,132513,1035.30029296875
2024-07-23,1054.050048828125,1059.0,1032.0,1053.550048828125,63119,1034.8582763671875
2024-07-24,1054.550048828125,1083.949951171875,1054.550048828125,1079.949951171875,104272,1060.7896728515625
2024-07-25,1080.0,1080.0,1060.199951171875,1069.6500244140625,389358,1050.672607421875
2024-07-26,1073.9000244140625,1089.0,1058.0999755859375,1082.800048828125,48018,1063.58935546875
2024-07-29,1098.699951171875,1112.949951171875,1069.6500244140625,1094.0999755859375,268479,1074.688720703125
2024-07-30,1073.0,1146.949951171875,1055.0,1120.449951171875,311353,1100.5712890625
2024-07-31,1120.0,1160.800048828125,1102.4000244140625,1150.550048828125,230071,1130.1373291015625
2024-08-01,1150.550048828125,1158.0,1130.0,1150.050048828125,132941,1129.646240234375
2024-08-02,1133.449951171875,1155.5999755859375,1124.550048828125,1138.25,73522,1118.055419921875
2024-08-05,1112.3499755859375,1127.4000244140625,1093.25,1115.949951171875,161623,1096.151123046875
2024-08-06,1102.25,1170.949951171875,1102.25,1125.9000244140625,284577,1105.9246826171875
2024-08-07,1131.25,1140.0,1117.0,1122.0,66417,1102.09375
2024-08-08,1122.050048828125,1132.3499755859375,1111.0999755859375,1118.25,75703,1098.4102783203125
2024-08-09,1121.5999755859375,1144.8499755859375,1106.5,1121.4000244140625,107461,1101.5045166015625
2024-08-12,1121.4000244140625,1130.1500244140625,1110.0,1116.199951171875,230389,1096.3966064453125
2024-08-13,1120.0,1148.800048828125,1084.9000244140625,1113.300048828125,134151,1093.5482177734375
2024-08-14,1119.9000244140625,1123.6500244140625,1084.0,1110.1500244140625,91440,1090.4541015625
2024-08-16,1119.699951171875,1143.699951171875,1110.800048828125,1121.5,66194,1101.6026611328125
2024-08-19,1126.199951171875,1147.75,1121.5,1141.4000244140625,69091,1121.149658203125
2024-08-20,1150.0,1159.1500244140625,1140.0,1143.0999755859375,51346,1122.8194580078125
2024-08-21,1150.0,1175.800048828125,1144.949951171875,1169.9000244140625,142363,1149.14404296875
2024-08-22,1180.050048828125,1182.949951171875,1155.0,1170.0,157665,1149.2421875
2024-08-23,1169.75,1180.449951171875,1135.0,1174.25,86096,1161.857666015625
2024-08-26,1184.9000244140625,1193.5,1175.0,1188.199951171875,128196,1175.660400390625
2024-08-27,1188.300048828125,1205.949951171875,1184.0,1203.75,186044,1191.0462646484375
2024-08-28,1209.0,1241.0,1172.6500244140625,1226.0999755859375,235074,1213.160400390625
2024-08-29,1227.800048828125,1258.449951171875,1227.75,1236.5,639505,1223.45068359375
2024-08-30,1234.0,1256.0,1215.0,1250.4000244140625,136831,1237.2039794921875
2024-09-02,1250.4000244140625,1266.75,1238.0,1240.75,84597,1227.6558837890625
2024-09-03,1247.199951171875,1275.3499755859375,1228.800048828125,1270.550048828125,288271,1257.141357421875
2024-09-04,1270.949951171875,1294.5,1251.199951171875,1279.5999755859375,343392,1266.0958251953125
2024-09-05,1279.699951171875,1298.5,1258.5999755859375,1290.050048828125,105748,1276.4356689453125
2024-09-06,1293.0,1300.199951171875,1245.0,1249.25,106753,1236.066162109375
2024-09-09,1252.3499755859375,1268.3499755859375,1216.0,1221.699951171875,107771,1208.806884765625
2024-09-10,1251.199951171875,1279.800048828125,1245.0,1269.050048828125,160995,1255.6572265625
2024-09-11,1279.6500244140625,1294.199951171875,1261.0,1268.3499755859375,168343,1254.964599609375
2024-09-12,1267.0,1289.0,1254.5,1261.8499755859375,318574,1248.533203125
2024-09-13,1265.0,1299.949951171875,1265.0,1286.800048828125,384349,1273.2198486328125
2024-09-16,1295.0,1311.0,1283.1500244140625,1291.300048828125,70027,1277.67236328125
2024-09-17,1293.5,1297.5,1280.0,1286.050048828125,348756,1272.477783203125
2024-09-18,1296.5999755859375,1296.5999755859375,1266.1500244140625,1270.8499755859375,77356,1257.4381103515625
2024-09-19,1270.8499755859375,1283.949951171875,1267.0,1279.25,142199,1265.74951171875
2024-09-20,1280.0,1296.75,1278.25,1292.300048828125,350503,1278.661865234375
2024-09-23,1294.0,1368.9000244140625,1288.949951171875,1356.0,794298,1341.6895751953125
2024-09-24,1356.0,1376.800048828125,1307.0,1324.550048828125,223081,1310.571533203125
2024-09-25,1349.949951171875,1375.0,1309.550048828125,1317.800048828125,132648,1303.8927001953125
2024-09-26,1330.0,1338.75,1315.0,1332.1500244140625,83650,1318.09130859375
2024-09-27,1325.0,1360.0,1318.0,1350.699951171875,430256,1336.4454345703125
2024-09-30,1359.0,1383.9000244140625,1339.050048828125,1350.300048828125,198791,1336.0498046875
2024-10-01,1353.9000244140625,1370.0,1349.0,1357.5,84814,1343.1737060546875
2024-10-03,1345.449951171875,1346.6500244140625,1290.0999755859375,1301.25,146139,1287.517333984375
2024-10-04,1295.0,1315.0,1242.9000244140625,1298.9000244140625,314207,1285.192138671875
2024-10-07,1279.4000244140625,1298.800048828125,1246.25,1265.9000244140625,251974,1252.5404052734375
2024-10-08,1246.9000244140625,1343.0,1246.9000244140625,1326.5999755859375,88895,1312.599853515625
2024-10-09,1320.0,1333.199951171875,1312.800048828125,1330.449951171875,77004,1316.4091796875
2024-10-10,1328.0,1339.4000244140625,1290.0,1296.0,1121190,1282.32275390625
2024-10-11,1295.949951171875,1333.9000244140625,1288.300048828125,1320.050048828125,99143,1306.1190185546875
2024-10-14,1320.449951171875,1333.3499755859375,1305.5999755859375,1316.8499755859375,48027,1302.9527587890625
2024-10-15,1312.0,1354.5999755859375,1302.550048828125,1328.4000244140625,88937,1314.380859375
2024-10-16,1326.0,1364.0,1320.4000244140625,1354.199951171875,1560921,1339.9085693359375
2024-10-17,1360.0,1360.0,1312.0,1326.25,50707,1312.2535400390625
2024-10-18,1310.0,1345.0,1299.75,1325.3499755859375,127488,1311.363037109375
2024-10-21,1323.949951171875,1337.5,1304.0,1316.1500244140625,101152,1302.2601318359375
2024-10-22,1316.1500244140625,1324.949951171875,1276.0999755859375,1288.050048828125,77604,1274.4566650390625
2024-10-23,1268.75,1310.0,1268.75,1289.8499755859375,39199,1276.2376708984375
2024-10-24,1302.75,1340.0,1255.0999755859375,1262.5,84698,1249.17626953125
2024-10-25,1262.5,1281.300048828125,1227.5,1269.3499755859375,114847,1255.9539794921875
2024-10-28,1287.550048828125,1297.1500244140625,1241.0,1251.3499755859375,46251,1238.1439208984375
2024-10-29,1252.0,1378.5,1243.0,1357.699951171875,416824,1343.37158203125
2024-10-30,1341.0,1356.0,1315.0999755859375,1344.5999755859375,172201,1330.4097900390625
2024-10-31,1345.300048828125,1410.0,1344.0,1401.6500244140625,508233,1386.8577880859375
2024-11-01,1403.0,1417.949951171875,1388.0,1395.300048828125,16838,1380.5748291015625
2024-11-04,1385.0,1404.4000244140625,1338.25,1350.550048828125,296243,1336.297119140625
2024-11-05,1332.8499755859375,1396.6500244140625,1328.050048828125,1386.300048828125,77578,1371.6697998046875
2024-11-06,1392.300048828125,1392.300048828125,1354.0,1361.1500244140625,72725,1346.7852783203125
2024-11-07,1376.9000244140625,1406.449951171875,1361.800048828125,1394.3499755859375,77394,1379.634765625
2024-11-08,1405.949951171875,1475.0,1391.0,1400.5,463950,1385.719970703125
2024-11-11,1391.75,1425.300048828125,1376.550048828125,1408.6500244140625,42944,1393.783935546875
2024-11-12,1420.0,1425.949951171875,1358.0,1366.9000244140625,68650,1352.474609375
2024-11-13,1358.050048828125,1370.0,1308.300048828125,1327.699951171875,116697,1313.688232421875
2024-11-14,1330.0,1336.25,1313.5,1321.3499755859375,49638,1307.4052734375
2024-11-18,1300.4000244140625,1328.550048828125,1289.0999755859375,1319.199951171875,62352,1305.27783203125
2024-11-19,1337.800048828125,1370.25,1315.5999755859375,1360.75,91491,1346.389404296875
2024-11-21,1355.0,1374.4000244140625,1326.8499755859375,1368.800048828125,66834,1354.3544921875
2024-11-22,1377.0,1419.949951171875,1350.0,1388.550048828125,112270,1373.8961181640625
2024-11-25,1419.9000244140625,1474.300048828125,1405.0999755859375,1424.8499755859375,259590,1409.81298828125
2024-11-26,1439.0,1450.0,1396.0999755859375,1415.800048828125,148725,1400.8585205078125
2024-11-27,1417.0,1438.4000244140625,1405.0,1412.949951171875,57007,1398.0384521484375
2024-11-28,1412.949951171875,1418.3499755859375,1389.050048828125,1400.3499755859375,136906,1385.571533203125
2024-11-29,1408.75,1455.0,1401.699951171875,1434.199951171875,211858,1419.064208984375
2024-12-02,1455.0,1512.0,1426.0,1434.0999755859375,616203,1418.96533203125
2024-12-03,1422.050048828125,1434.949951171875,1367.0,1385.3499755859375,439624,1370.729736328125
2024-12-04,1395.050048828125,1408.1500244140625,1343.0,1348.9000244140625,340008,1334.66455078125
2024-12-05,1349.0,1380.0,1334.25,1350.300048828125,155189,1336.0498046875
2024-12-06,1350.5,1377.0,1328.1500244140625,1339.3499755859375,242301,1325.2152099609375
2024-12-09,1347.0999755859375,1390.0,1330.4000244140625,1376.449951171875,390367,1361.9237060546875
2024-12-10,1390.0,1431.800048828125,1370.0,1377.300048828125,317974,1362.7647705078125
2024-12-11,1385.050048828125,1385.050048828125,1336.550048828125,1351.1500244140625,139585,1336.8907470703125
2024-12-12,1345.1500244140625,1358.300048828125,1317.050048828125,1326.0999755859375,109946,1312.1051025390625
2024-12-13,1327.9000244140625,1364.0,1316.5,1356.800048828125,89579,1342.481201171875
2024-12-16,1356.800048828125,1363.9000244140625,1333.0,1342.75,54419,1328.579345703125
2024-12-17,1342.0,1356.300048828125,1332.0,1347.949951171875,71619,1333.7244873046875
2024-12-18,1350.5999755859375,1355.9000244140625,1324.75,1337.75,47269,1323.6322021484375
2024-12-19,1325.0,1344.75,1311.25,1324.699951171875,64097,1310.7198486328125
2024-12-20,1337.949951171875,1344.800048828125,1292.75,1299.050048828125,87474,1285.340576171875
2024-12-23,1320.8499755859375,1333.449951171875,1271.4000244140625,1277.1500244140625,149439,1263.6717529296875
2024-12-24,1283.800048828125,1296.449951171875,1251.050048828125,1261.449951171875,75106,1248.1373291015625
2024-12-26,1270.0,1270.800048828125,1234.0,1239.5999755859375,58945,1226.5179443359375
2024-12-27,1239.5999755859375,1258.3499755859375,1234.5999755859375,1250.3499755859375,43195,1237.154541015625
2024-12-30,1231.5999755859375,1289.0,1220.550048828125,1245.550048828125,70824,1232.4052734375
2024-12-31,1245.0,1298.5,1243.0,1289.6500244140625,205502,1276.039794921875
2025-01-01,1280.550048828125,1288.050048828125,1261.550048828125,1271.050048828125,20972,1257.6361083984375
2025-01-02,1271.050048828125,1287.6500244140625,1249.0,1263.4000244140625,68030,1250.06689453125
2025-01-03,1260.050048828125,1302.5999755859375,1246.550048828125,1257.449951171875,136347,1244.1795654296875
2025-01-06,1255.0,1260.699951171875,1216.199951171875,1223.8499755859375,77422,1210.9342041015625
2025-01-07,1220.0,1276.449951171875,1220.0,1267.449951171875,298562,1254.073974609375
2025-01-08,1277.699951171875,1282.3499755859375,1230.0,1234.8499755859375,45855,1221.818115234375
2025-01-09,1234.8499755859375,1259.0,1188.5999755859375,1203.0,189260,1190.30419921875
2025-01-10,1203.0,1218.1500244140625,1175.0,1180.699951171875,198924,1168.239501953125
2025-01-13,1177.8499755859375,1189.949951171875,1136.449951171875,1183.699951171875,815613,1171.2078857421875
2025-01-14,1189.9000244140625,1204.449951171875,1157.1500244140625,1176.6500244140625,614702,1164.2322998046875
2025-01-15,1182.800048828125,1220.949951171875,1173.550048828125,1206.1500244140625,529637,1193.4210205078125
2025-01-16,1208.5,1211.949951171875,1180.0,1194.75,115444,1182.141357421875
2025-01-17,1195.0,1205.699951171875,1186.050048828125,1194.199951171875,72275,1181.5970458984375
2025-01-20,1195.5,1203.9000244140625,1175.9000244140625,1189.8499755859375,145028,1177.29296875
2025-01-21,1195.0,1195.0,1148.0,1162.6500244140625,57855,1150.380126953125
2025-01-22,1165.050048828125,1168.800048828125,1139.949951171875,1145.25,44975,1133.1636962890625
2025-01-23,1145.0,1184.949951171875,1141.75,1177.8499755859375,39014,1165.419677734375
2025-01-24,1180.0,1184.199951171875,1125.0,1132.5999755859375,54016,1120.647216796875
2025-01-27,1132.5999755859375,1132.800048828125,1082.5,1091.6500244140625,111343,1080.12939453125
2025-01-28,1123.0,1123.0,1055.050048828125,1068.8499755859375,221908,1057.5699462890625
2025-01-29,1074.5,1132.550048828125,1063.0,1110.050048828125,368711,1098.335205078125
2025-01-30,1126.699951171875,1143.0999755859375,1018.0,1028.3499755859375,309545,1017.4973754882812
2025-01-31,1022.7999877929688,1033.75,925.3499755859375,933.7999877929688,767303,923.9451904296875
2025-02-01,949.9000244140625,981.0,909.0,973.4000244140625,2959608,963.1273193359375
2025-02-03,971.0999755859375,971.0999755859375,920.0,933.0999755859375,257868,923.2525634765625
2025-02-04,936.25,970.0999755859375,928.9500122070312,958.4500122070312,915439,948.3350830078125
2025-02-05,961.6500244140625,968.0999755859375,950.0,953.7999877929688,125600,943.734130859375
2025-02-06,957.4000244140625,974.5499877929688,940.0,956.1500244140625,106865,946.0593872070312
2025-02-07,955.0,961.2000122070312,931.1500244140625,935.7000122070312,111743,925.8251953125
2025-02-10,935.0499877929688,949.3499755859375,917.2000122070312,928.0,90681,918.2064208984375
2025-02-11,923.4500122070312,930.4500122070312,879.0,894.7000122070312,207685,885.2578735351562
2025-02-12,890.0,921.1500244140625,866.4000244140625,890.75,475883,881.3495483398438
2025-02-13,890.75,907.8499755859375,886.1500244140625,893.5,70002,884.0704956054688
2025-02-14,890.1500244140625,908.8499755859375,871.75,880.0499877929688,103252,870.762451171875
2025-02-17,884.7000122070312,887.2999877929688,846.4000244140625,851.9000244140625,135418,842.9095458984375
2025-02-18,845.5,859.0,814.0999755859375,828.4000244140625,203556,819.6575927734375
2025-02-19,811.0,876.0999755859375,811.0,869.8499755859375,148971,860.6701049804688
2025-02-20,871.0,914.5999755859375,856.0499877929688,902.25,467060,892.7281494140625
2025-02-21,900.4500122070312,909.9500122070312,866.7999877929688,872.5,61231,863.2921142578125
2025-02-24,870.0,879.5499877929688,836.7999877929688,840.9000244140625,89072,832.025634765625
2025-02-25,840.0,852.2000122070312,819.5499877929688,822.6500244140625,74072,813.96826171875
2025-02-27,827.0,855.5499877929688,821.25,841.1500244140625,99187,832.2730102539062
2025-02-28,833.5,850.0,791.0499877929688,843.1500244140625,255344,834.2518920898438
2025-03-03,843.1500244140625,849.9000244140625,796.0,826.0,143183,817.2828979492188
2025-03-04,818.5,828.0,806.7000122070312,819.5499877929688,142216,810.9009399414062
2025-03-05,813.2999877929688,841.1500244140625,813.2999877929688,834.4000244140625,92609,825.59423828125
2025-03-06,838.7999877929688,850.0,828.4500122070312,839.7999877929688,77397,830.937255859375
2025-03-07,838.0,843.75,820.7000122070312,832.9500122070312,185874,824.1595458984375
2025-03-10,833.0,837.2999877929688,780.0,783.5999755859375,219459,775.330322265625
2025-03-11,789.0,806.0999755859375,760.0,792.6500244140625,193703,784.2848510742188
2025-03-12,796.7999877929688,805.2000122070312,770.0,778.0999755859375,128273,769.8883666992188
2025-03-13,790.0,793.6500244140625,765.0,778.4000244140625,174741,770.1852416992188
2025-03-17,778.4000244140625,778.4500122070312,740.25,751.2000122070312,272822,743.2722778320312
2025-03-18,751.2000122070312,751.2000122070312,751.2000122070312,751.2000122070312,0,743.2722778320312
2025-03-19,773.5999755859375,793.2999877929688,765.0,781.5999755859375,323215,773.3514404296875
2025-03-20,795.5,813.3499755859375,774.0,798.2000122070312,342623,789.7762451171875
2025-03-21,795.0,796.3499755859375,775.3499755859375,780.5999755859375,247725,772.3619995117188
2025-03-24,785.0,794.0,776.5,789.0999755859375,181250,780.7722778320312
2025-03-25,799.9000244140625,799.9000244140625,767.0,772.0999755859375,214296,763.95166015625
2025-03-26,773.9000244140625,781.9500122070312,747.4500122070312,755.5,310775,747.5269165039062
2025-03-27,757.0,787.75,746.3499755859375,781.8499755859375,210704,773.5987548828125
2025-03-28,786.0,798.75,764.9000244140625,775.8499755859375,145351,767.662109375
2025-04-01,782.25,782.25,760.4000244140625,766.5,85869,758.4108276367188
2025-04-02,761.0,794.7999877929688,756.75,776.25,178739,768.0579223632812
2025-04-03,770.25,808.2000122070312,770.25,787.1500244140625,238464,778.8428955078125
2025-04-04,781.0999755859375,781.0999755859375,756.2999877929688,765.6500244140625,117630,757.56982421875
2025-04-07,740.25,808.0,740.0,785.7999877929688,948917,777.5071411132812
2025-04-08,785.0,809.7999877929688,778.5499877929688,783.3499755859375,221233,775.0829467773438
2025-04-09,791.9000244140625,791.9000244140625,778.5,786.7000122070312,88985,778.3976440429688
2025-04-11,799.9000244140625,807.4500122070312,783.6500244140625,802.4500122070312,264294,793.9814453125
2025-04-15,811.0,814.0,788.0,791.75,194738,783.3943481445312
2025-04-16,794.0,801.75,782.7999877929688,786.0,92385,777.7050170898438
2025-04-17,779.9500122070312,787.4000244140625,773.0,777.9000244140625,219955,769.6904907226562
2025-04-21,785.5999755859375,806.0,771.0,802.2999877929688,265341,793.8330078125
2025-04-22,804.9500122070312,811.8499755859375,790.5499877929688,805.5999755859375,260059,797.09814453125
2025-04-23,811.9500122070312,823.5999755859375,793.0499877929688,808.5999755859375,167650,800.0664672851562
2025-04-24,808.5999755859375,814.7999877929688,797.9500122070312,800.2000122070312,127127,791.7551879882812
2025-04-25,804.4000244140625,806.6500244140625,770.0,793.5499877929688,174428,785.17529296875
2025-04-28,790.25,804.2000122070312,783.9500122070312,789.0999755859375,129710,780.7722778320312
2025-04-29,789.0999755859375,800.4500122070312,787.5,793.2999877929688,67473,784.927978515625
2025-04-30,793.5,796.3499755859375,775.0,781.9500122070312,109569,773.69775390625
2025-05-02,783.5,785.75,762.0,773.0,141762,764.8422241210938
2025-05-05,788.0,792.6500244140625,763.0,789.2999877929688,215129,780.9701538085938
2025-05-06,790.9500122070312,795.2999877929688,732.0,736.0499877929688,671849,728.2821655273438
2025-05-07,735.0,762.5999755859375,725.0999755859375,741.2000122070312,473467,733.3778076171875
2025-05-08,744.0,753.75,717.0499877929688,723.0499877929688,521975,715.4193115234375
2025-05-09,714.0,728.0,706.2999877929688,723.0499877929688,257590,715.4193115234375
2025-05-12,748.5999755859375,751.4000244140625,735.0,738.8499755859375,195058,731.0525512695312
2025-05-13,744.9000244140625,758.75,731.0,735.0999755859375,741196,727.3421630859375
2025-05-14,739.9500122070312,751.1500244140625,728.9500122070312,732.75,219931,725.0169677734375
2025-05-15,739.0,745.0,732.0999755859375,738.75,371606,730.9536743164062
2025-05-16,741.9000244140625,754.9000244140625,739.2999877929688,751.5999755859375,259475,743.6680297851562
2025-05-19,753.9000244140625,754.9500122070312,733.9500122070312,735.9000244140625,892850,728.1337890625
2025-05-20,742.0,742.4500122070312,718.2000122070312,723.1500244140625,303070,715.518310546875
2025-05-21,728.5,736.1500244140625,719.9500122070312,729.4000244140625,290807,721.7023315429688
2025-05-22,729.4000244140625,742.8499755859375,726.5999755859375,737.8499755859375,355342,730.0631103515625
2025-05-23,737.9500122070312,744.0,732.2000122070312,734.5,195434,726.74853515625
2025-05-26,734.5,743.9500122070312,729.0999755859375,739.0999755859375,212474,731.2999267578125
2025-05-27,735.4000244140625,776.7999877929688,735.4000244140625,763.5499877929688,528957,755.491943359375
2025-05-28,760.0,773.4500122070312,758.4500122070312,771.0999755859375,201556,762.9622192382812
2025-05-29,768.5999755859375,791.2999877929688,766.2999877929688,787.5999755859375,285588,779.2880859375
2025-05-30,793.4000244140625,807.0999755859375,789.5,797.2999877929688,287615,788.8857421875
2025-06-02,797.2999877929688,818.0,790.0999755859375,794.4500122070312,350158,786.0658569335938
2025-06-03,799.0,799.0499877929688,773.7000122070312,781.5,854433,773.2525024414062
2025-06-04,781.5,783.0,770.9000244140625,778.8499755859375,158549,770.6304321289062
2025-06-05,785.0,815.0,774.0,810.5,700458,801.9464721679688
2025-06-06,817.25,849.9000244140625,810.0,819.7000122070312,592907,811.0493774414062
2025-06-09,820.4000244140625,832.0,798.3499755859375,803.75,190769,795.2677001953125
2025-06-10,811.7000122070312,817.7999877929688,795.2000122070312,800.7999877929688,232133,792.3488159179688
2025-06-11,800.0,806.5999755859375,795.0,803.7000122070312,135895,795.2182006835938
2025-06-12,805.0,806.7999877929688,787.0499877929688,790.3499755859375,148166,782.0090942382812
2025-06-13,775.0,794.0,766.7999877929688,786.4000244140625,312638,778.100830078125
2025-06-16,780.0,792.0,771.4000244140625,785.1500244140625,324498,776.864013671875
2025-06-17,785.1500244140625,788.4500122070312,775.5,779.6500244140625,109075,771.4220581054688
2025-06-18,779.6500244140625,819.0,776.0499877929688,810.5999755859375,1628898,802.0453491210938
2025-06-19,815.0,825.9500122070312,791.8499755859375,799.2999877929688,438617,790.8646240234375
2025-06-20,792.0,803.25,792.0,800.7000122070312,105257,792.2498779296875
2025-06-23,792.0999755859375,803.0,788.0,799.8499755859375,94428,791.4088134765625
2025-06-24,802.9500122070312,817.6500244140625,790.2000122070312,795.5999755859375,229531,787.2036743164062
2025-06-25,800.0,808.0,793.7999877929688,799.8499755859375,166575,791.4088134765625
2025-06-26,800.0,818.1500244140625,799.0,801.5499877929688,140008,793.0908813476562
2025-06-27,808.0,813.3499755859375,799.0499877929688,804.0499877929688,507172,795.5645141601562
2025-06-30,808.25,818.3499755859375,804.0499877929688,811.25,287335,802.6885375976562
2025-07-01,815.0499877929688,825.0,810.0,814.4000244140625,192555,805.8052978515625
2025-07-02,822.0,822.9000244140625,791.0499877929688,803.9500122070312,530395,795.465576171875
2025-07-03,800.5,809.5,794.0,801.0999755859375,176548,792.6456298828125
2025-07-04,797.0499877929688,848.0,797.0,827.5,1268363,818.7670288085938
2025-07-07,828.5499877929688,829.1500244140625,812.0499877929688,814.2999877929688,329347,805.7063598632812
2025-07-08,814.2999877929688,818.2000122070312,798.5,808.8499755859375,120910,800.3138427734375
2025-07-09,812.9000244140625,812.9000244140625,801.7999877929688,803.7000122070312,72082,795.2182006835938
2025-07-10,807.5,810.5999755859375,798.5999755859375,806.2000122070312,86133,797.6918334960938
2025-07-11,802.25,806.9000244140625,795.0,796.0999755859375,83932,787.6984252929688
2025-07-14,795.0499877929688,798.9500122070312,785.0,790.3499755859375,141622,782.0090942382812
2025-07-15,787.0,807.4000244140625,787.0,798.4000244140625,171248,789.9741821289062
2025-07-16,795.5,803.4500122070312,789.0499877929688,791.5999755859375,291335,783.2459106445312
2025-07-17,793.7999877929688,824.3499755859375,793.0999755859375,810.0999755859375,302999,801.5506591796875
2025-07-18,810.7000122070312,815.7000122070312,793.9000244140625,799.25,96047,790.815185546875
2025-07-21,795.0,797.2000122070312,785.0,793.4500122070312,80456,785.076416015625
2025-07-22,793.75,798.5,786.0999755859375,794.9500122070312,75137,786.560546875
2025-07-23,798.7000122070312,798.9000244140625,774.2000122070312,785.0499877929688,273266,776.7650146484375
2025-07-24,789.2000122070312,798.0,784.3499755859375,794.2999877929688,78476,785.9174194335938
2025-07-25,788.0,794.6500244140625,780.8499755859375,787.9000244140625,67797,779.5849609375
2025-07-28,785.0,785.9500122070312,756.1500244140625,761.0,126113,752.9688720703125
2025-07-29,760.0,769.0,751.8499755859375,754.5,118333,746.5374145507812
2025-07-30,754.5,804.0,749.0,789.1500244140625,818254,780.82177734375
2025-07-31,780.4000244140625,782.9500122070312,745.1500244140625,749.4000244140625,679372,741.4912719726562
2025-08-01,753.2000122070312,753.2000122070312,734.0999755859375,742.4500122070312,129263,734.6146240234375
2025-08-04,745.9500122070312,763.2999877929688,733.5999755859375,756.6500244140625,98128,748.664794921875
2025-08-05,761.0999755859375,762.4500122070312,742.5999755859375,749.7000122070312,73966,741.7880859375
2025-08-06,749.0,750.25,730.0999755859375,734.25,198371,726.5011596679688
2025-08-07,734.25,735.0,724.0,732.0499877929688,84750,724.3243408203125
2025-08-08,735.9000244140625,748.2999877929688,728.5,741.0,61225,733.179931640625
2025-08-11,741.0,750.0499877929688,734.0,747.0499877929688,455471,739.1660766601562
2025-08-12,750.0,750.0,734.9000244140625,738.7999877929688,83156,731.0031127929688
2025-08-13,742.2999877929688,743.4500122070312,731.0,739.4500122070312,65664,731.6463012695312
2025-08-14,740.5999755859375,748.5999755859375,740.5999755859375,743.5999755859375,42268,735.75244140625
2025-08-18,751.0,778.0,744.5499877929688,766.4000244140625,292155,758.3118896484375
2025-08-19,769.8499755859375,769.8499755859375,757.7000122070312,763.75,55893,755.6898193359375
2025-08-20,764.0,776.4000244140625,762.0,773.7000122070312,60276,765.5348510742188
2025-08-21,774.7000122070312,794.7999877929688,773.4000244140625,778.25,136033,770.0368041992188
2025-08-22,783.7000122070312,783.7000122070312,770.5,776.25,54493,768.0579223632812
2025-08-25,776.4000244140625,796.5499877929688,772.5499877929688,779.0499877929688,133131,770.828369140625
2025-08-26,782.6500244140625,782.6500244140625,755.0,758.0499877929688,102993,750.0499877929688
2025-08-28,746.75,762.0,736.0,756.5999755859375,78783,756.5999755859375
2025-08-29,750.0499877929688,759.5999755859375,735.1500244140625,740.9500122070312,170252,740.9500122070312
2025-09-01,740.0,749.5999755859375,735.1500244140625,738.5,79249,738.5
2025-09-02,742.4500122070312,757.9500122070312,738.0,743.8499755859375,122167,743.8499755859375
2025-09-03,750.0,752.0,738.5,741.2000122070312,95738,741.2000122070312
2025-09-04,745.0,754.7000122070312,723.4500122070312,728.1500244140625,296623,728.1500244140625
2025-09-05,728.1500244140625,739.5499877929688,722.0,724.0,196370,724.0
2025-09-08,730.5,752.0,724.0,731.5499877929688,267997,731.5499877929688
2025-09-09,732.0499877929688,739.0,718.2999877929688,721.2000122070312,278990,721.2000122070312
2025-09-10,725.0,742.0,725.0,731.2000122070312,138755,731.2000122070312
2025-09-11,731.2000122070312,738.7000122070312,724.4000244140625,726.0499877929688,98580,726.0499877929688
2025-09-12,729.7000122070312,731.0,720.8499755859375,723.0499877929688,92402,723.0499877929688
2025-09-15,730.0,736.9000244140625,719.2999877929688,735.5,118808,735.5
2025-09-16,736.7000122070312,744.9500122070312,730.7999877929688,733.2999877929688,169711,733.2999877929688
2025-09-17,736.5,751.0,735.0,737.9000244140625,159145,737.9000244140625
2025-09-18,741.5999755859375,741.7999877929688,726.1500244140625,727.4000244140625,162038,727.4000244140625
2025-09-19,728.4000244140625,731.1500244140625,715.0,717.5499877929688,539224,717.5499877929688
2025-09-22,724.0,779.0,718.0,750.7999877929688,1555963,750.7999877929688
2025-09-23,751.7999877929688,751.7999877929688,719.0999755859375,721.7999877929688,443406,721.7999877929688
2025-09-24,723.9000244140625,725.75,707.0,708.25,321159,708.25
2025-09-25,709.5,710.7999877929688,701.1500244140625,703.0,180624,703.0
2025-09-26,702.0,712.4500122070312,693.5,704.0,371473,704.0
2025-09-29,704.0,711.4500122070312,687.0999755859375,693.1500244140625,245525,693.1500244140625
2025-09-30,693.1500244140625,699.0,684.4000244140625,690.1500244140625,214973,690.1500244140625
2025-10-01,693.5999755859375,697.0,688.0,690.8499755859375,81079,690.8499755859375
2025-10-03,695.0,700.0,689.0499877929688,694.9000244140625,123950,694.9000244140625
2025-10-06,694.9000244140625,699.9000244140625,691.0,696.1500244140625,82280,696.1500244140625
2025-10-07,696.2999877929688,696.5499877929688,687.1500244140625,691.9500122070312,81366,691.9500122070312
2025-10-08,691.0,692.2999877929688,680.0,681.1500244140625,112017,681.1500244140625
2025-10-09,681.1500244140625,692.0,674.4000244140625,690.1500244140625,162231,690.1500244140625
2025-10-10,692.9000244140625,705.0,688.0,697.2000122070312,162870,697.2000122070312
2025-10-13,697.1500244140625,697.1500244140625,682.5,685.7999877929688,197796,685.7999877929688
2025-10-14,686.0,687.2999877929688,669.5499877929688,671.6500244140625,164885,671.6500244140625
2025-10-15,674.9000244140625,684.0,668.7000122070312,676.75,213863,676.75
2025-10-16,679.7999877929688,689.0999755859375,678.0499877929688,684.0499877929688,68114,684.0499877929688
2025-10-17,684.5,694.7000122070312,674.8499755859375,691.3499755859375,177596,691.3499755859375
2025-10-20,692.5999755859375,694.0999755859375,677.1500244140625,684.1500244140625,105547,684.1500244140625
2025-10-21,685.2000122070312,698.5499877929688,685.2000122070312,695.4000244140625,36828,695.4000244140625
2025-10-23,695.7000122070312,697.6500244140625,685.5999755859375,687.7000122070312,58010,687.7000122070312
2025-10-24,687.7000122070312,693.9000244140625,684.0,688.2000122070312,60904,688.2000122070312
2025-10-27,694.5999755859375,694.5999755859375,678.7999877929688,686.7999877929688,120520,686.7999877929688
2025-10-28,687.0,690.5,674.0,675.25,79192,675.25
2025-10-29,680.5499877929688,688.0499877929688,674.4500122070312,685.6500244140625,114189,685.6500244140625
2025-10-30,686.6500244140625,693.1500244140625,669.0,671.7999877929688,233855,671.7999877929688
2025-10-31,665.0,666.75,643.0,645.75,498623,645.75
2025-11-03,647.25,654.5999755859375,638.0,642.5999755859375,157314,642.5999755859375
2025-11-04,643.0,651.7000122070312,640.5499877929688,644.9000244140625,130934,644.9000244140625
2025-11-05,644.9000244140625,644.9000244140625,644.9000244140625,644.9000244140625,0,644.9000244140625
2025-11-06,644.9000244140625,648.5499877929688,633.0,645.3499755859375,113508,645.3499755859375
2025-11-07,645.4000244140625,645.4000244140625,634.0999755859375,639.5,97137,639.5
2025-11-10,642.7000122070312,642.7000122070312,623.0999755859375,629.1500244140625,198069,629.1500244140625
2025-11-11,629.5999755859375,629.6500244140625,614.5,621.7999877929688,297095,621.7999877929688
2025-11-12,622.25,634.0,620.0,629.5999755859375,93561,629.5999755859375
2025-11-13,630.0,630.0,623.0499877929688,626.9500122070312,78685,626.9500122070312
2025-11-14,625.6500244140625,628.9000244140625,613.9500122070312,626.5,335003,626.5
2025-11-17,626.4000244140625,627.7000122070312,621.75,626.2000122070312,63081,626.2000122070312
2025-11-18,625.0,626.0,617.5,619.0999755859375,103426,619.0999755859375
2025-11-19,622.4000244140625,622.7000122070312,610.3499755859375,617.5,269182,617.5
2025-11-20,619.3499755859375,624.0499877929688,613.0,614.5999755859375,76399,614.5999755859375
2025-11-21,614.5999755859375,617.0999755859375,604.0999755859375,608.1500244140625,155792,608.1500244140625
2025-11-24,608.0,608.0,598.9000244140625,600.1500244140625,210252,600.1500244140625
2025-11-25,602.6500244140625,626.0,600.0,611.9000244140625,130938,611.9000244140625
2025-11-26,615.0,619.9500122070312,603.5,606.7999877929688,433404,606.7999877929688
2025-11-27,608.25,616.9000244140625,602.4000244140625,614.7000122070312,87828,614.7000122070312
2025-11-28,614.0499877929688,614.0499877929688,604.2000122070312,608.1500244140625,358988,608.1500244140625
2025-12-01,613.0,624.0,611.1500244140625,618.75,632827,618.75
2025-12-02,619.25,619.25,600.8499755859375,605.0499877929688,205308,605.0499877929688
2025-12-03,605.0499877929688,609.0,599.4000244140625,605.25,92603,605.25
2025-12-04,602.0,606.2999877929688,599.0999755859375,604.8499755859375,58719,604.8499755859375
2025-12-05,600.6500244140625,602.9000244140625,592.0,597.25,95053,597.25
2025-12-08,596.0,597.1500244140625,583.2000122070312,588.6500244140625,161112,588.6500244140625
2025-12-09,585.0,616.9000244140625,580.4000244140625,610.0499877929688,213318,610.0499877929688
2025-12-10,610.0,610.0,587.0,592.5999755859375,101844,592.5999755859375
2025-12-11,590.0,591.2999877929688,579.4000244140625,582.2000122070312,224085,582.2000122070312
2025-12-12,585.2999877929688,597.6500244140625,582.7999877929688,596.3499755859375,76244,596.3499755859375
2025-12-15,593.0,612.0,590.9500122070312,607.0999755859375,73250,607.0999755859375
2025-12-16,612.0,612.0,593.7999877929688,596.2000122070312,54539,596.2000122070312
2025-12-17,596.2000122070312,598.75,585.5999755859375,587.4000244140625,52935,587.4000244140625
2025-12-18,587.25,588.6500244140625,575.0499877929688,583.0499877929688,72759,583.0499877929688
2025-12-19,580.1500244140625,600.0,579.7999877929688,598.2000122070312,119977,598.2000122070312
2025-12-22,603.7000122070312,604.2000122070312,585.0,590.9000244140625,122165,590.9000244140625
2025-12-23,593.5,593.5,579.5999755859375,580.6500244140625,131608,580.6500244140625
2025-12-24,580.9500122070312,585.9500122070312,577.7000122070312,582.0,89205,582.0
2025-12-25,582.0,582.0,582.0,582.0,0,582.0
2025-12-26,580.0,584.9500122070312,578.0999755859375,578.7999877929688,45511,578.7999877929688
2025-12-29,579.9500122070312,586.0,576.5,582.75,69281,582.75
2025-12-30,580.0999755859375,580.75,574.8499755859375,576.3499755859375,114890,576.3499755859375
2025-12-31,579.25,583.6500244140625,574.0,582.0999755859375,80781,582.0999755859375
2026-01-01,582.0,584.5,574.0499877929688,575.7000122070312,51598,575.7000122070312
2026-01-02,579.4500122070312,581.0,572.0499877929688,579.6500244140625,60077,579.6500244140625
2026-01-05,577.9000244140625,584.0,568.9000244140625,571.7999877929688,102347,571.7999877929688
2026-01-06,571.7999877929688,572.4500122070312,555.2000122070312,563.75,175273,563.75
2026-01-07,562.9500122070312,562.9500122070312,555.5,557.4000244140625,67004,557.4000244140625
2026-01-08,557.5499877929688,563.9500122070312,548.5,550.4000244140625,110007,550.4000244140625
2026-01-09,552.5,554.7000122070312,539.0,540.4500122070312,235199,540.4500122070312
2026-01-12,537.7000122070312,548.0,533.2000122070312,541.5,282110,541.5
2026-01-13,543.3499755859375,543.3499755859375,534.4000244140625,540.9500122070312,82511,540.9500122070312
2026-01-14,539.7000122070312,545.0,536.0,540.1500244140625,60347,540.1500244140625
2026-01-15,540.1500244140625,540.1500244140625,540.1500244140625,540.1500244140625,0,540.1500244140625
2026-01-16,537.6500244140625,539.5999755859375,522.5999755859375,528.1500244140625,67458,528.1500244140625
2026-01-19,522.5499877929688,526.4500122070312,508.79998779296875,512.25,124680,512.25
2026-01-20,512.0,512.0,489.20001220703125,495.1000061035156,135615,495.1000061035156
